time,x,y,yaw,vx,vy,r,vx_cmd,delta,target_x,target_y,target_yaw,cost,alpha_f,alpha_r,runtime,vx_goal,r_goal
0,1.5,0.0,1.5707963267948966,0.0,0.0,0.0,0.1,0.0,1.5,0.0,1.5707963267948966,20.542902002186253,0.0,0.0,0.030382633209228516,2.5,1.6666666666666667
0.02,1.5,0.0,1.5707963267948966,0.11372973478599224,0.0,0.0,0.1270037809044371,0.14755790237576766,1.499997000001,0.0029999980000004,1.5727963267948966,17.895893783322126,0.4373820995228059,0.05887045855750392,0.04416227340698242,2.5,1.6666666666666667
0.04,1.5,0.002274594695719845,1.5707963267948966,0.18528654754454146,0.07324221989389929,0.43496438508634305,0.19701223316846897,-0.698,1.499988000016,0.0059999840000128,1.5747963267948966,20.94730972577276,0.8369033715600348,-0.39164384379376543,0.011264562606811523,2.5,1.6666666666666667
0.06,1.498535155602122,0.005980325646610675,1.5794956144966235,0.2578171956372478,-0.027018407912782802,0.5545391815968241,0.2942009977063746,0.5188013150378132,1.4999730000809999,0.0089999460000972,1.5767963267948966,15.676194125330088,-0.11694222531652876,-0.015903222313430075,0.044769287109375,2.5,1.6666666666666667
0.08,1.4990306473602064,0.011141175209485866,1.59058639812856,0.2961410340633753,0.06808176129260748,0.5080384915704261,0.3537880218583278,0.698,1.4999520002559996,0.0119998720004096,1.5787963267948966,13.273827088742722,-0.24052690711304314,0.044374800209897716,0.036774635314941406,2.5,1.6666666666666667
0.1,1.4975520733728682,0.0170358910020155,1.6007471679599685,0.3991438993024737,0.11739358034838165,0.6956310353256433,0.451552950048611,0.6056887799458842,1.499925000624998,0.01499975000125,1.5807963267948966,11.163294759525172,-0.08582671009837639,-0.09322764528052557,0.04701972007751465,2.5,1.6666666666666667
0.12,1.494966196604125,0.02494487850736863,1.6146597886664813,0.4986850364366476,0.13850200690038397,1.2920742580994298,0.6256698243411298,0.6979999999999145,1.4998920012959938,0.01799956800311039,1.5827963267948966,9.89002248247881,-0.16311444438625455,0.020227572787288647,0.028795957565307617,2.5,1.6666666666666667
0.14,1.491761480052755,0.03478752146634449,1.6405012738284699,0.58835465524615,0.1996143168559442,1.3101040400729613,0.6899913786594314,0.6979999999998885,1.4998530024009844,0.02099931400672277,1.5847963267948966,8.788410286357767,-0.16247665176355264,-0.03260064613576057,0.029539108276367188,2.5,1.6666666666666667
0.16,1.4869593280611606,0.046247982477451266,1.666703354629929,0.701476164815044,0.2219286603227096,1.708579994281457,0.35322053265083453,0.698,1.4998080040959652,0.023998976013107125,1.5867963267948966,9.8167361545996,-0.13195968020076276,-0.047337822870122725,0.023323774337768555,2.5,1.6666666666666667
0.18,1.4811976844641876,0.0597879942607535,1.7008749545155581,0.681353994099637,0.2270798665851918,1.8101465318297918,0.8316125679715052,-0.698,1.4997570065609291,0.026998542023619412,1.5887963267948966,7.8459592546234,1.0986942552054932,-0.022129592968781003,0.03731393814086914,2.5,1.6666666666666667
0.2,1.4749268586826207,0.07271084829733483,1.737077885152154,0.7895051146593958,0.17872341454884677,1.3693306391055307,0.9417595045266136,0.6979999999999997,1.4997000099998665,0.029998000039999625,1.5907963267948966,6.813694601747254,-0.290227795928234,-0.006910501999494862,0.03616738319396973,2.5,1.6666666666666667
0.22,1.468788172793685,0.08769152550330644,1.7644644979342645,0.896168171650058,0.21308910371853018,1.5304451022079468,0.4390346885664435,0.698,1.4996370146407638,0.032997338064419665,1.5927963267948966,7.703755059643423,-0.2589041421448084,-0.030029804037718915,0.018001794815063477,2.5,1.6666666666666667
0.24,1.46115653880825,0.10445958758314212,1.7950733999784234,0.8821203234429469,0.2192574517387954,1.715210202616686,1.049326607487666,0.698,1.4995680207356017,0.03599654409953143,1.5947963267948966,6.181924987164477,-0.2641765530663061,-0.014545577147334093,0.030384540557861328,2.5,1.6666666666666667
0.26,1.4529575157982777,0.1206848783278893,1.8293776040307572,0.9901765130166311,0.24935957050479624,1.8408938804736725,0.47184684489799056,-0.6979999999999991,1.4994930285603565,0.038995606148514814,1.5967963267948966,6.309124283568844,1.0343958688227277,-0.053485216225937784,0.024021625518798828,2.5,1.6666666666666667
0.28,1.4430721839401832,0.13855474410769258,1.8661954816402306,0.9899229965552223,0.1695387381964314,1.5531513733138618,1.1990419708203424,0.6979999999999993,1.499412038414996,0.04199451221512559,1.5987963267948966,5.480045614929515,-0.3528593024423833,-0.021603311082707664,0.021351099014282227,2.5,1.6666666666666667
0.3,1.4340645150526188,0.1565085256134157,1.897258509106508,1.0920472960626377,0.20845164841945668,1.6195362694451225,1.2592053657525353,0.6979999999999998,1.4993250506234812,0.04499325030374349,1.6007963267948966,5.40962179422979,-0.3506579396515378,-0.0170865583584985,0.021148681640625,2.5,1.6666666666666667
0.32,1.4231114165187437,0.1758589102900527,1.9296492344954104,1.2003361429247754,0.23318679892478278,1.7706477431901062,0.5690268890653487,-0.698,1.4992320655337632,0.047991808419420176,1.6027963267948966,4.644965485034302,0.9560314631341037,-0.05360456949641802,0.026880264282226562,2.5,1.6666666666666667
0.34,1.4103135874562047,0.19669850594274607,1.9650621893592124,1.1989730093385633,0.1479446618970897,1.4815516752239604,1.4505372531378689,0.6979999999999997,1.4991330835177816,0.05099017456792718,1.6047963267948966,3.696801381698248,-0.42838709430808314,-0.0300674004084556,0.02519083023071289,2.5,1.6666666666666667
0.36,1.3983704624818758,0.2177016325169028,1.9946932228636916,1.3008578286649706,0.18310158821152894,1.550996597520683,1.5453671440279246,0.698,1.4990281049714653,0.053988336755803876,1.6067963267948966,3.0184405440748687,-0.4234154179998451,-0.025924838217620566,0.03813600540161133,2.5,1.6666666666666667
0.38,1.3843312847786955,0.23990983825758197,2.025713154814105,1.408535346749316,0.20504968943419014,1.686026824409292,1.6420670522024396,0.6979999999999998,1.4989171303147273,0.056986282990405555,1.6087963267948966,2.5978815784104796,-0.423525671493744,-0.02762565337212075,0.02064657211303711,2.5,1.6666666666666667
0.4,1.3682695126283702,0.26341359018493904,2.059433691302291,1.5175072966162813,0.21966988519209446,1.825814375205576,2.3330593704976175,-0.698,1.4988001599914669,0.05998400127995125,1.6107963267948966,2.259512738322843,0.8803373443157324,-0.05918839662474554,0.02605724334716797,2.5,1.6666666666666667
0.42,1.3501431984099916,0.28814959702424503,2.095949978806402,1.6108921403177963,0.12335516541873742,1.5271690782861387,1.9554201414651988,0.698,1.498677194469565,0.06298147963357179,1.6127963267948966,1.438414275473321,-0.5090006559250548,-0.047053198066087217,0.022881269454956055,2.5,1.6666666666666667
0.44,1.3318562596224988,0.31478911397954557,2.126493360372125,1.7112475863695114,0.14683500271812353,1.587200939577909,2.04354190460245,0.698,1.4985482342408831,0.06597870606135779,1.6147963267948966,1.1867977995490573,-0.5062304148889419,-0.04172675104704942,0.01865077018737793,2.5,1.6666666666666667
0.46,1.3113065563970818,0.3423151239573606,2.1582373791636833,1.815173795787656,0.16294665527340382,1.666191717417634,0.9446088740915932,0.698,1.4984132798212626,0.06897566857440751,1.6167963267948966,1.2711338142946103,-0.5004285818622024,-0.06383578674343816,0.046108245849609375,2.5,1.6666666666666667
0.48,1.2884733657951053,0.3707265374295093,2.191561213512036,1.8073272852672715,0.15058428222722353,1.8572962827761441,2.4895366601957782,-0.6979999999999972,1.4982723317505207,0.07197235518487488,1.6187963267948966,0.9317423424978444,0.8136054334315739,-0.08361885378276979,0.02963542938232422,2.5,1.6666666666666667
0.5,1.2649986489565765,0.3983775896011912,2.2287071391675592,1.901434377050427,0.05258000365657428,1.4792530589175403,2.4373774382023097,0.698,1.4981253905924494,0.0749687539060175,1.6207963267948966,0.7207302899705054,-0.5764730653790087,-0.07740745305854298,0.019047260284423828,2.5,1.6666666666666667
0.52,1.2409133336618876,0.42782558657825054,2.25829220034591,1.9924852888389568,0.06728094819557484,1.5481780463686465,2.5,0.698,1.4979724569348134,0.07796485275224445,1.6227963267948966,0.5883543205572603,-0.573519516218553,-0.07251865685418422,0.03370928764343262,2.5,1.6666666666666667
0.54,1.2145846104396503,0.4577690011193266,2.289255761273283,2.0863476465013715,0.07847713570686436,1.6055419389213892,1.1598462681946866,0.698,1.4978135313893466,0.08096063973916434,1.6247963267948966,0.46341020095153646,-0.5699136270411418,-0.08886595062283087,0.020397663116455078,2.5,1.6666666666666667
0.56,1.185937274122312,0.4881488001159877,2.321366600051711,2.077690254001992,0.06726800104514048,1.7615263383640614,0.0,-0.698,1.4976486145917516,0.08395610288363323,1.6267963267948966,0.5454694846385144,0.7596536770640804,-0.1201629463056648,0.02468252182006836,2.5,1.6666666666666667
0.58,1.1566113938884337,0.5176194882437531,2.356597126818992,2.066830292088347,-0.039294975679524266,1.4675023503020537,1.129283275132083,0.698,1.497477707201695,0.08695123020380248,1.6287963267948966,0.6081824210440671,-0.6288948984955283,-0.12706809768325786,0.024207592010498047,2.5,1.6666666666666667
0.6,1.1279257242105512,0.547393049933522,2.3859471738250333,2.058513939591226,-0.03693543908150661,1.5777007764486441,1.1899638079793549,0.698,1.4973008099028062,0.08994600971916689,1.6307963267948966,0.6890440485269643,-0.6231275505341898,-0.13373763707835304,0.013992071151733398,2.5,1.6666666666666667
0.62,1.0984673751538696,0.5761635768198223,2.4175011893540064,2.051272973280313,-0.036333507593584426,1.6725727722294825,2.4999999999946887,0.5312403552675165,1.4971179234026744,0.09294042945061236,1.6327963267948966,0.4618839048805446,-0.4486483955289975,-0.11884647916088575,0.011662960052490234,2.5,1.6666666666666667
0.64,1.0682165243934898,0.6038854526969514,2.450952644798596,2.118422766255843,-0.01416505766629379,1.6666256646160087,1.5438390508876607,0.698,1.496929048432845,0.09593447742046393,1.6347963267948966,0.5268084145742011,-0.6106067042611533,-0.11710229991483098,0.018063068389892578,2.5,1.6666666666666667
0.66,1.0357377607324048,0.6310938370155265,2.484285158090916,2.111465526520505,-0.006773062470121886,1.6863543449248215,2.5,0.673572454017552,1.4967341857488177,0.09892814165253375,1.6367963267948966,0.22805040058106157,-0.5832930139455926,-0.10016415004877073,0.03839397430419922,2.5,1.6666666666666667
0.68,1.0023901066367633,0.6570026575973542,2.5180122449894125,2.1894562021703323,0.013133169272488136,1.6274048211695336,1.5036579392510407,0.698,1.4965333361300432,0.10192141017216885,1.6387963267948966,0.3757303766178832,-0.6040078543066001,-0.10546676607959349,0.018897294998168945,2.5,1.6666666666666667
0.7000000000000001,0.9666890255030092,0.6823598889608926,2.5505603414128033,2.179480684904846,0.012454800258460996,1.697191944799072,2.4999999999999996,0.2726951789645467,1.4963265003799193,0.10491427100629916,1.6407963267948966,0.12175272628732088,-0.162061074863869,-0.08549608028751901,0.04983687400817871,2.5,1.6666666666666667
0.72,0.9303548958663762,0.70644198801221,2.5845041803087847,2.238913558874389,0.05375373391831255,1.7144041797305631,2.5,0.34811147716748686,1.4961136793257892,0.1079067121834853,1.6427963267948966,0.06160044965945055,-0.22903085747508725,-0.06601036966958715,0.07738947868347168,2.5,1.6666666666666667
0.74,0.8917787748268062,0.7292045063427713,2.618792263903396,2.303227940430754,0.08626221995925859,1.6647149658298543,2.5,0.698,1.4958948738189366,0.11089872173396662,1.6447963267948966,0.06477842178741858,-0.5795979201276453,-0.048071471071270994,0.04628729820251465,2.5,1.6666666666666667
0.76,0.8510058917012762,0.75071013463169,2.652086563219993,2.3840921193206666,0.10736272470691972,1.5498178536693321,0.0,0.698,1.4956700847345834,0.11389028768970888,1.6467963267948966,0.1217693857067544,-0.5854565292382542,-0.07392953498567846,0.006535530090332031,2.5,1.6666666666666667
0.78,0.8079139393793833,0.7712345698325201,2.6830829202933795,2.368575181722469,0.07161980545828275,1.7242266027491804,1.2731220076316656,0.1977467965484878,1.4954393129718853,0.11688139808445222,1.6487963267948966,0.07637857966666806,-0.10252715619261892,-0.09751691884037825,0.04320359230041504,2.5,1.6666666666666667
0.8,0.7648012952700926,0.7909173296265085,2.717567452348363,2.3286166044289205,0.02319141202503648,1.7517691583837744,2.5,0.16707176915546748,1.4952025594539289,0.11987204095375906,1.6507963267948966,0.02586463926333356,-0.05831095342184818,-0.07314176924658226,0.06115078926086426,2.5,1.6666666666666667
0.8200000000000001,0.7221625641920871,0.8096559492358353,2.7526028355160386,2.367353802379659,0.06735849175186914,1.6807675302722114,1.2411384188165233,0.24779459833628312,1.4949598251277287,0.1228622043350619,1.6527963267948966,0.07488407724558514,-0.1500034904767279,-0.09566132531814125,0.04274463653564453,2.5,1.6666666666666667
0.84,0.6778417434453041,0.826365985895057,2.786218186121483,2.3304209635935242,0.028513057879731914,1.7596784980542466,1.3273668620446453,0.1754796778101063,1.4947111109642213,0.12585187626771122,1.6547963267948966,0.10347788298427839,-0.09511908527424412,-0.1160121484237034,0.0577998161315918,2.5,1.6666666666666667
0.86,0.6339471749421016,0.8420483581877934,2.821411756082568,2.289690035418207,-0.015266028916521047,1.7557508305186982,2.5,0.6509215798722978,1.494456417958263,0.12884104479302327,1.6567963267948966,0.06509723149767078,-0.5692295666540846,-0.09275203564974563,0.042615413665771484,2.5,1.6666666666666667
0.88,0.5905767800273727,0.8567512235178364,2.8565267726929418,2.352642593113383,0.010553257855530473,1.6010159437787912,1.5778875112281385,0.698,1.4941957471286251,0.13182969795432797,1.6587963267948966,0.13285668372459442,-0.614812104902172,-0.10179560071668858,0.032482147216796875,2.5,1.6666666666666667
0.9,0.545363478214732,0.8697809110072626,2.8885470915685176,2.341630282455963,0.0030102678034879555,1.690429267370702,2.4999999671464153,0.24980964494493185,1.4939290995179915,0.13481782379701657,1.6607963267948966,0.03045314345973653,-0.14561468732436456,-0.07492852241757682,0.06092381477355957,2.5,1.6666666666666667
0.92,0.5000072102408522,0.8814473385689641,2.922355676915932,2.3847664306762693,0.059818309385164074,1.6669492385102358,1.2378925561845118,0.17265439437527394,1.4936564761929514,0.1378054103685898,1.6627963267948966,0.08766978044803968,-0.08801720598567248,-0.09812896680239074,0.05271577835083008,2.5,1.6666666666666667
0.9400000000000001,0.4531933406852279,0.8906526240526549,2.9556946616861364,2.3432825000359347,0.008759254695151729,1.6711618165793536,2.499999985443923,0.23931962243958307,1.4933778782439981,0.14079244571870525,1.6647963267948966,0.017776332278450574,-0.13193993148416705,-0.07085489901216634,0.04930448532104492,2.5,1.6666666666666667
0.96,0.40710277503965525,0.8991425945047914,2.9891178980177235,2.3869143886058213,0.06848344177875537,1.6603267346408352,1.227665352103022,0.178824692744198,1.493093306785523,0.14377891789922556,1.6667963267948966,0.08511453634419729,-0.09059402034553848,-0.09448876251682337,0.057033538818359375,2.5,1.6666666666666667
0.98,0.35971030435826407,0.9050395288647808,3.02232443271054,2.3457190021610446,0.017316717300603704,1.672409194393246,2.5,0.2438408039804643,1.4928027629558114,0.14676481496426597,1.6687963267948966,0.016267786147396487,-0.13318202652009364,-0.06740195955428363,0.06373810768127441,2.5,1.6666666666666667
1.0,0.3130879965212658,0.9102777932978883,3.055772616598405,2.3904670859607866,0.0766776864539301,1.661392312020673,1.2108033772418159,0.18264527142434048,1.4925062479170388,0.14975012497024223,1.6707963267948966,0.11374908264897735,-0.09134617580911097,-0.09165641762920129,0.04590606689453125,2.5,1.6666666666666667
1.02,0.2653231584094004,0.91284784831909,3.0890004628388184,2.349450655561322,0.024366165462384973,1.6772295645136845,2.4999999999926747,0.2510363978825213,1.492203762855264,0.15273483597591828,1.6727963267948966,0.0241902095099696,-0.13804167456460698,-0.06484268154585222,0.05307769775390625,2.5,1.6666666666666667
1.04,0.21837349709469062,0.9148313148826576,3.122545054129092,2.3949569960348103,0.08270409865105371,1.662601545806658,1.2052758724723687,0.1811510427776244,1.4918953089804279,0.15571893604245407,1.6747963267948967,0.10879885121806497,-0.08819576309262106,-0.08956684059793746,0.05743217468261719,2.5,1.6666666666666667
1.06,0.1704515416940034,0.9140898414236245,3.1557970850452253,2.353857880333552,0.028798219686726495,1.6763778380241525,1.8871406038048983,0.698,1.4915808875263448,0.1587024132334533,1.6767963267948967,0.05243829859268774,-0.6033320342737338,-0.0865566476496594,0.0717325210571289,2.5,1.6666666666666667
1.08,0.12338731426101837,0.9128452533622747,3.189324641805708,2.342592237623065,0.03406160512412945,1.6564519708580139,1.8835081159353315,0.6979999999999654,1.4912604997507004,0.1616852556150112,1.6787963267948967,0.08618413779063358,-0.6010328194004106,-0.08323483947703124,0.0455019474029541,2.5,1.6666666666666667
1.1,0.0766213358719613,0.9099293145425403,3.2224536812228686,2.330730600256088,0.04035502542995821,1.638765119587713,2.4999998850597285,0.2631816411765067,1.4909341469350452,0.16466745125576224,1.6807963267948967,0.0685001120770738,-0.14516996199545634,-0.05750632852873652,0.03860211372375488,2.5,1.6666666666666667
1.12,0.030224227683288897,0.9053596520443189,3.255228983614623,2.382239010115042,0.0967801712092714,1.6326437899517783,2.49999999705718,0.45342030249906073,1.4906018303847905,0.1676489882269278,1.6827963267948967,0.028439007357977397,-0.3298160928112015,-0.03883262820155531,0.04860997200012207,2.5,1.6666666666666667
1.1400000000000001,-0.016893777966008605,0.8980339995290787,3.2878818594136585,2.439022808547105,0.1270046569287451,1.5477802911319427,4.1337711902625566e-17,0.6979999999999998,1.4902635514292013,0.170629854602364,1.6847963267948967,0.08377933806090793,-0.5809173198099222,-0.06536530625057728,0.004509925842285156,2.5,1.6666666666666667
1.16,-0.06478293622032769,0.888410408770395,3.3188374652362973,2.4239077172386403,0.08873895058766793,1.726720113668745,0.2419374715745385,0.17344386523260946,1.4899193114213938,0.17361003845860923,1.6867963267948967,0.06116496258314656,-0.08430546894820902,-0.09602584317796603,0.039159297943115234,2.5,1.6666666666666667
1.18,-0.11218866801564106,0.8781158528223714,3.353371867509672,2.38068203679792,0.017155141730029064,1.7201800802627876,2.5,0.1747800628075266,1.489569111738327,0.17658952787493215,1.6887963267948967,0.01690613434011875,-0.06561871650445847,-0.06943674933392169,0.0665891170501709,2.5,1.6666666666666667
1.2,-0.1586664271591514,0.8677720426594833,3.3877754691149278,2.4139193859453565,0.07320655379023164,1.682657539898269,2.5,0.27810156109658646,1.4892129537807994,0.17956831093337905,1.6907963267948967,0.002320894978243075,-0.14993781124759917,-0.045529005720546495,0.05866289138793945,2.5,1.6666666666666667
1.22,-0.2051323951898763,0.8545864362831382,3.421428619912893,2.455915670667433,0.12693713573151957,1.6668750615525179,1.1996871672747078,0.17198164065778482,1.4888508389734423,0.1825463757188216,1.6927963267948967,0.05189100322513062,-0.0679955715642995,-0.07338374901586686,0.047677040100097656,2.5,1.6666666666666667
1.24,-0.2516388477359582,0.838580068840084,3.4547661211439435,2.414608242979124,0.061942187626260276,1.671230815915838,1.2508920765807654,0.16684723268706003,1.4884827687647144,0.1855237103190047,1.6947963267948967,0.06124596267882175,-0.08355778932820046,-0.09708992970463348,0.052927494049072266,2.5,1.6666666666666667
1.26,-0.29720045254168087,0.8225236655007488,3.4881907374622605,2.372825240743172,0.00817556152837759,1.6700140847365714,1.8534831218186074,0.6979999999999363,1.4881087446268961,0.18850030282459387,1.6967963267948967,0.031282444695623086,-0.613398500507505,-0.09575773339167398,0.07527613639831543,2.5,1.6666666666666667
1.28,-0.34177935382222435,0.8062488952785541,3.521591019156992,2.3621477534686695,0.011284354782313794,1.6622848954400027,2.4999999999999925,0.22725435498327617,1.4877287680560833,0.1914761413292231,1.6987963267948967,0.026157610024424637,-0.11850219205509178,-0.06792859580972521,0.05059623718261719,2.5,1.6666666666666667
1.3,-0.3855685324951078,0.7885160001537793,3.554836717065792,2.4031237208119633,0.07393568365408881,1.657091347307141,1.215114338356017,0.18494617325593485,1.487342840572182,0.1944512139295423,1.7007963267948967,0.09962278499855139,-0.09501593494964328,-0.09204338814544842,0.04134869575500488,2.5,1.6666666666666667
1.32,-0.42899142106733057,0.7678607153776514,3.5879785440119347,2.3622230046157844,0.02227309335180401,1.6772487645337208,2.499999999999997,0.2507330897767293,1.4869509637189016,0.19742550872526504,1.7027963267948967,0.01223160299381044,-0.13912294964866181,-0.06490028478633932,0.07667756080627441,2.5,1.6666666666666667
1.34,-0.47141423955330186,0.747063073266207,3.621523519302609,2.4055966164902123,0.08112939509698333,1.657404180202218,1.2098468116327332,0.18445479605302445,1.486553139063749,0.20039901381921613,1.7047963267948967,0.09708964592754393,-0.09221892199669073,-0.08949157350502265,0.04138469696044922,2.5,1.6666666666666667
1.36,-0.5133416373136647,0.7234096561546878,3.6546716029066535,2.364666247080577,0.02805325577438931,1.6767009016522065,2.5,0.24966034565312206,1.486149368198022,0.20337171731737913,1.7067963267948967,0.018219975182990927,-0.13544170516677378,-0.06249038381560388,0.0519716739654541,2.5,1.6666666666666667
1.3800000000000001,-0.5542699404743329,0.6997063361660214,3.688205620939698,2.4084782772578475,0.0873529336299465,1.6614732279299893,1.207878282194809,0.18030065844968937,1.4857396527368039,0.20634360732894402,1.7087963267948967,0.09427556959508562,-0.08651992349746515,-0.08758228780984655,0.03889584541320801,2.5,1.6666666666666667
1.4000000000000001,-0.5945126026661953,0.6731754598418908,3.721435085498298,2.367344495369766,0.032157493190432804,1.6752282939277052,2.5,0.2490664068422761,1.4853239943189558,0.20931467196635473,1.7107963267948967,0.009784382147956221,-0.13310866742986746,-0.06068650113337332,0.06493830680847168,2.5,1.6666666666666667
1.42,-0.6337682188781792,0.6466964451044094,3.754939651376852,2.411329889893325,0.09175758601803902,1.6629862417447916,1.2047526478721715,0.1790315556110807,1.4849023946071107,0.21228489934535663,1.7127963267948967,0.09142078351164751,-0.08402574342377138,-0.08611105150074969,0.0380101203918457,2.5,1.6666666666666667
1.44,-0.6721480366363675,0.6174361972270898,3.7881993762117476,2.3701404672954096,0.03538344760436229,1.6749350881706067,2.4999999999999973,0.25068115015002007,1.4844748552876672,0.21525427758504423,1.7147963267948967,0.00904247264907486,-0.13360892474799926,-0.05933584832757545,0.06033587455749512,2.5,1.6666666666666667
1.46,-0.709555414968132,0.5883120633245253,3.8216980779751597,2.4142155351183443,0.09483605016875159,1.6628554508811584,1.2075992063342535,0.17857900441729713,1.4840413780707817,0.21822279480790846,1.7167963267948967,0.08851603717377726,-0.08266997619540059,-0.08493640245862712,0.03457212448120117,2.5,1.6666666666666667
1.48,-0.7459039763199465,0.5564725548763612,3.854955186992783,2.3730174909592976,0.03787478137361382,1.674458679934573,2.49999999999937,0.25149003143895066,1.483601964690363,0.22119043913988445,1.7187963267948967,0.014680587993049776,-0.1335461572378322,-0.05824736664793832,0.0771944522857666,2.5,1.6666666666666667
1.5,-0.781296178698639,0.5248426542225364,3.8884443605914742,2.41702620090577,0.0973055650214919,1.6628308874272417,2.499999999999993,0.1950830474568348,1.4831566169040633,0.22415719871039885,1.7207963267948967,0.002405967462458248,-0.05909598862372037,-0.03799335191448437,0.04210090637207031,2.5,1.6666666666666667
1.52,-0.8154479099488908,0.4905752810499365,3.921700978340019,2.454188344409423,0.14593865061747863,1.6696425401767347,1.1880146903237465,0.17079632396090286,1.4827053364932739,0.22712306165241725,1.7227963267948967,0.05312287934895954,-0.06033925899425803,-0.06695621339713906,0.04696464538574219,2.5,1.6666666666666667
1.54,-0.8482855470440392,0.45397712538822343,3.955093829143554,2.4129968208917547,0.07760374850224787,1.670929311287306,1.220118096172831,0.17109515888061233,1.482248125263115,0.23008801610249185,1.7247963267948967,0.08991049993194176,-0.08197354172112642,-0.09172609320294048,0.042495012283325195,2.5,1.6666666666666667
1.56,-0.8803102257144688,0.4178405738673345,3.9885124153693003,2.3714058019419286,0.021617771060816984,1.6732947222679349,2.4999999999999885,0.2402930173497574,1.4817849850424318,0.23305205020080885,1.7267963267948967,0.01668071172177217,-0.12820739563614192,-0.06425451460643868,0.04819464683532715,2.5,1.6666666666666667
1.58,-0.9113976490714938,0.38201899892673624,4.021978309814659,2.412986503962674,0.08271872537552397,1.6609277667754232,1.213104229949531,0.18014036883510431,1.481315917683784,0.23601515209123577,1.7287963267948967,0.0896312312150877,-0.08821073403842268,-0.08909135429580099,0.04530835151672363,2.5,1.6666666666666667
1.6,-0.9408565471164315,0.34375789820666464,4.055196865150168,2.3718409150334523,0.028153375271717122,1.6752146250428863,2.4999999999997184,0.24491636287451357,1.4808409250634404,0.238977309921369,1.7307963267948967,0.009072165500307712,-0.13041922257361066,-0.061907740663884124,0.06530880928039551,2.5,1.6666666666666667
1.62,-0.9693897340601708,0.30585768688350723,4.088701157651026,2.414421870281937,0.0885732115025502,1.6627293468407796,1.2089609493291231,0.17834297821210607,1.480360009081371,0.2419385118425812,1.7327963267948967,0.08828250263586432,-0.08468076596258245,-0.08716184905419944,0.04429197311401367,2.5,1.6666666666666667
1.6400000000000001,-0.9961538067791719,0.26562591232547084,4.121955744587842,2.3731935193934794,0.032523641426300494,1.6743509527922835,2.4999999999999654,0.24755358153424442,1.4798731716612394,0.24489874601006856,1.7347963267948967,0.015101367624139762,-0.1315140313557907,-0.06015869409608145,0.05887484550476074,2.5,1.6666666666666667
1.6600000000000001,-1.0220375909575463,0.22583556395171983,4.155442763643688,2.416282789068538,0.09262414775017974,1.662201113658518,2.5,0.19641972559913537,1.479380414750394,0.24785800058289847,1.7367963267948967,0.0025037208298808802,-0.06137362016313866,-0.03905480905476968,0.0423121452331543,2.5,1.6666666666666667
1.68,-1.046009834935817,0.1838339899521138,4.188686785916858,2.453480911961186,0.14343150666337479,1.6701597043553429,1.189853268747226,0.1701696492143428,1.4788817403198622,0.25081626372405647,1.7387963267948967,0.05370072083197991,-0.06061032860997424,-0.06788913150763595,0.054061174392700195,2.5,1.6666666666666667
1.7,-1.0680648805435602,0.1399064196092754,4.2220899800039655,2.4122373611895824,0.07535693694732161,1.6706706774173228,1.2224353509876889,0.17110113909804983,1.478377150364341,0.25377352360049404,1.7407963267948967,0.09065042406555063,-0.08271061214060252,-0.0925043668648658,0.0407407283782959,2.5,1.6666666666666667
1.72,-1.0894532484743298,0.09663558856659717,4.255503393552312,2.3706459873989068,0.019813574928524216,1.6732016783032286,2.5,0.23917656513451618,1.4778666469021895,0.25672976838317557,1.7427963267948967,0.01710120386158554,-0.12774009641997458,-0.06498151557369726,0.050600528717041016,2.5,1.6666666666666667
1.74,-1.1100140821529076,0.05391095739708733,4.288967427118377,2.4120466026735894,0.08102338602385338,1.660963271992572,1.2141597986440618,0.18014153313050218,1.4773502319754208,0.2596849862471259,1.7447963267948967,0.09057030741510336,-0.08874989851673701,-0.08970817644220526,0.04139828681945801,2.5,1.6666666666666667
1.76,-1.1283580628367649,0.009264436662644211,4.322186692558228,2.370899879212319,0.02677276071580524,1.6752809223705243,2.5,0.2449862364342294,1.4768279076496942,0.2626391653714774,1.7467963267948967,0.016331601843231198,-0.13106764260531661,-0.062487748077170384,0.045319557189941406,2.5,1.6666666666666667
1.78,-1.1458995014345867,-0.034792925254576605,4.3556923110056385,2.4134358562805436,0.08712654960622315,1.6620136717852614,2.499999999998619,0.1978302047250645,1.476299676014306,0.26559229393951767,1.7487963267948967,0.002796626157422486,-0.06399105510987962,-0.040480455690748623,0.035772085189819336,2.5,1.6666666666666667
1.8,-1.1611211597470994,-0.08063184523997619,4.388932584441344,2.4510155549939903,0.14005931079486011,1.670378057885235,1.1901871708065315,0.170141787536969,1.4757655391821822,0.2685443601387363,1.7507963267948967,0.055654261444384824,-0.0616140345963931,-0.06912488479966053,0.046906471252441406,2.5,1.6666666666666667
1.82,-1.174046126702892,-0.12800042948878818,4.4223401455990485,2.4097352250002944,0.07255243288486327,1.6707908946172032,1.2234960143935951,0.17132142126513955,1.4752254992898692,0.2714953521608724,1.7527963267948967,0.09317643403893441,-0.08374722606473557,-0.09354906331714634,0.03885364532470703,2.5,1.6666666666666667
1.84,-1.1864393267536646,-0.17459703533676196,4.455755963491392,2.368154206041481,0.01760233446131721,1.6735725308233533,2.5,0.2388401275952598,1.474679558497526,0.2744452582019619,1.7547963267948967,0.018143495450205202,-0.1282399799189411,-0.06601008448244007,0.05488920211791992,2.5,1.6666666666666667
1.86,-1.1981207577520119,-0.2204983408099076,4.48922741410786,2.409598763066284,0.07870230307617976,1.661024196655284,1.2141950206031449,0.18010687403771447,1.4741277189889153,0.2773940664623845,1.7567963267948967,0.0930499869670186,-0.0894150329684134,-0.0905865038429641,0.03985118865966797,2.5,1.6666666666666667
1.8800000000000001,-1.2072512974959282,-0.2678436398857059,4.522447898040966,2.368446862016851,0.024885308006559997,1.6752053272108591,2.5,0.2478225931802636,1.473569982971394,0.2803417651469111,1.7587963267948967,0.01062548943534311,-0.13498562967351102,-0.06336385013133435,0.057333946228027344,2.5,1.6666666666666667
1.9000000000000001,-1.2157058468865611,-0.31445463130728124,4.5559520045851825,2.4111986167441106,0.08463447991963016,1.6584457693330172,1.2148065290922667,0.18256954025951438,1.4730063526759054,0.2832883424647509,1.7607963267948967,0.09136912427059396,-0.08955510487368783,-0.08820102077211156,0.033361196517944336,2.5,1.6666666666666667
1.92,-1.2215471071262927,-0.36235344532854613,4.589120919971843,2.370184352747626,0.030520639983058873,1.6758592574665863,2.5,0.25690588140050447,1.4724368303569704,0.28623378662959853,1.7627963267948965,0.01792403263018186,-0.14278251015032434,-0.06127394496336516,0.052370548248291016,2.5,1.6666666666666667
1.94,-1.2267698995466578,-0.4094724923214941,4.622638105121175,2.413754069154666,0.08871861335389232,1.652737456070449,1.204779204412158,0.18834209945431873,1.471861418292677,0.2891780858596813,1.7647963267948965,0.08859991592881057,-0.09347564890218339,-0.08628310885817946,0.04063558578491211,2.5,1.6666666666666667
1.96,-1.2293295852630102,-0.4577123087444445,4.655692854242584,2.373027145872728,0.03505848076589377,1.6772771443593473,2.5,0.2513982261357688,1.471280118784673,0.29212122837780624,1.7667963267948967,0.014919648931218114,-0.13459478735124553,-0.059475403956109736,0.055426836013793945,2.5,1.6666666666666667
1.98,-1.2313189298536398,-0.5051363246113945,4.689238397129771,2.416609220621131,0.09441319226630548,1.6632587505229472,1.2091300180394746,0.17804102322334037,1.4706929341581556,0.29506320241140715,1.7687963267948967,0.08614917065875405,-0.08245886911473736,-0.08507672008919412,0.04470562934875488,2.5,1.6666666666666667
2.0,-1.23054999030728,-0.5534992683017865,4.72250357214023,2.375385574040677,0.037327148479149926,1.6743869134223486,2.5,0.25074456661230093,1.4700998667618626,0.2980039961925918,1.7707963267948965,0.014080901172843583,-0.13305088545277866,-0.05831067455462897,0.05799508094787598,2.5,1.6666666666666667
2.02,-1.2293229726112704,-0.6009969988172894,4.755991310408677,2.4189158810364977,0.09697151852855804,1.662340971508117,1.203377608303699,0.1786568279993927,1.4695009189680623,0.3009435979581891,1.7727963267948967,0.08386049587305544,-0.08229207188234261,-0.08409593672897124,0.03957986831665039,2.5,1.6666666666666667
2.04,-1.2252766464889482,-0.6492447992944753,4.789238129838839,2.3777234316271336,0.03945024066258883,1.6742031731851612,2.5,0.2516978136910857,1.4688960931725457,0.30388199594979576,1.7747963267948967,0.013216093495888651,-0.13328516166309262,-0.05741849497452307,0.05630064010620117,2.5,1.6666666666666667
2.06,-1.2208390459886362,-0.6965983389437819,4.822722193302543,2.4212091218212506,0.09900665968675557,1.6623522139376272,1.1981918175416102,0.1788582729673757,1.468285391794615,0.3068191784138238,1.7767963267948965,0.08165026232249667,-0.08192691575511105,-0.08337094891592887,0.040717363357543945,2.5,1.6666666666666667
2.08,-1.2135389908543472,-0.7445100448948064,4.855969237581295,2.38002645797025,0.041016225264173485,1.674360017689376,2.5,0.25182611695800455,1.4676688172770747,0.3097551336015473,1.7787963267948967,0.006973895866124424,-0.13283002523163773,-0.05675257706595194,0.05537056922912598,2.5,1.6666666666666667
2.1,-1.2059160695547684,-0.7915033888853096,4.889456437935083,2.4233558284975563,0.10061031020709307,1.663106125382736,1.196892016603265,0.17777440408006384,1.4670463720862224,0.3126898497691494,1.7807963267948967,0.07963045323064916,-0.0805426210292126,-0.08284564195730691,0.03983426094055176,2.5,1.6666666666666667
2.12,-1.1953981507099878,-0.8388582592323798,4.922718560442737,2.382125083333508,0.0420127099489885,1.6737446189824756,2.49999999999989,0.25164391329850766,1.4664180587118376,0.3156233151777693,1.7827963267948967,0.006653008534025358,-0.1322959945317223,-0.056248693199748866,0.0679469108581543,2.5,1.6666666666666667
2.14,-1.1846295062551466,-0.8852753928015995,4.9561934528223865,2.425244364662294,0.10171371266258405,1.662999662285614,1.2031553685289946,0.17784039967769416,1.4657838796671734,0.3185555180935494,1.7847963267948965,0.07784172281205409,-0.08024407250310325,-0.08236818056896944,0.04068493843078613,2.5,1.6666666666666667
2.16,-1.1709464908023197,-0.9318547600277183,4.989453446068099,2.3840338816200997,0.0430426579603881,1.6740402586215242,2.5,0.25232359866046133,1.4651438374889447,0.3214864467876818,1.7867963267948965,0.0062719238062996325,-0.13267629394513808,-0.05581727022140051,0.04452180862426758,2.5,1.6666666666666667
2.18,-1.157076217642455,-0.9774815461310314,5.02293425124053,2.4269980398707682,0.10266296559267638,1.6629832045947417,1.2040697781865066,0.17711307450493458,1.4644979347373195,0.3244160895364557,1.7887963267948968,0.07620763473244971,-0.07936972350927343,-0.08200648918759965,0.0399625301361084,2.5,1.6666666666666667
2.2,-1.1402884338314723,-1.0230722686821387,5.0561939153324245,2.385757224955827,0.043655622547380674,1.6732479094812904,2.5,0.25075026215139756,1.4638461739959083,0.327344434621304,1.7907963267948965,0.005975580136550631,-0.13074535092858328,-0.05544788100542179,0.052458763122558594,2.5,1.6666666666666667
2.22,-1.1233829876914234,-1.067700771129896,5.08965887352205,2.4284633960444824,0.1036142962736016,1.663914092529909,1.2033990050610468,0.17636242667086935,1.4631885578717527,0.3302714703288503,1.7927963267948965,0.07488368381611035,-0.07845736270093247,-0.08172944438697977,0.04445171356201172,2.5,1.6666666666666667
2.24,-1.1035643093087355,-1.1120909518289162,5.122937155372648,2.3871911971179367,0.04419377081105447,1.6731794850343906,1.324409145656805,0.17836673853708893,1.4625250889953165,0.3331971849509556,1.7947963267948965,0.04125083551169564,-0.09694934041595057,-0.10292974217625474,0.06424403190612793,2.5,1.6666666666666667
2.2600000000000002,-1.0836987484398335,-1.1555146026629293,5.156400745073336,2.3460684999338395,-0.0005053065195746581,1.687823414393443,1.655916016005338,0.698,1.4618557700204744,0.33612156678476546,1.7967963267948968,0.06621491110802576,-0.616211250169012,-0.10915740779630942,0.0658416748046875,2.5,1.6666666666666667
2.2800000000000002,-1.0635520644949872,-1.1978906122758348,5.190157213361205,2.335984493715467,-0.006526461009964722,1.7412141648754582,2.5,0.23728426723261076,1.4611806036245016,0.3390446041327563,1.7987963267948965,0.03902058668341178,-0.13400938454360214,-0.08331558650926929,0.04789328575134277,2.5,1.6666666666666667
2.3000000000000003,-1.0421863359735315,-1.2394388024238596,5.224981496658715,2.3773181754239765,0.04952061009320359,1.731210489741329,2.5,0.17652998399578415,1.4604995925080622,0.34196628530278267,1.8007963267948968,0.009096180545779499,-0.05755037919460988,-0.05853980153992657,0.07529711723327637,2.5,1.6666666666666667
2.32,-1.018004662218103,-1.280388579634439,5.2596057064535415,2.4139726628082965,0.09828284530046529,1.673352667970031,1.2027839865125574,0.1696404513806539,1.4598127393952003,0.34488659860812365,1.8027963267948965,0.0890909204277487,-0.07363724313060217,-0.08464107168367742,0.03779768943786621,2.5,1.6666666666666667
2.34,-0.9912056402894698,-1.3205953183414654,5.293072759812942,2.372357094400818,0.03830222020770898,1.672124234275979,2.4999999997539417,0.25026221613182514,1.4591200470333272,0.3478055323675302,1.8047963267948965,0.008621618469961267,-0.13203546310755593,-0.057951427012276485,0.042050838470458984,2.5,1.6666666666666667
2.36,-0.9645358588834945,-1.3598450426351236,5.326515244498461,2.416507128401758,0.09798864688095296,1.6623789984130821,1.2007914350900946,0.17884849497007005,1.4584215181932114,0.350723074905271,1.8067963267948965,0.0862244882046104,-0.08199790467747163,-0.0837875054072484,0.035562992095947266,2.5,1.6666666666666667
2.38,-0.9350841945881282,-1.3982148596902866,5.359762824466722,2.375323968353491,0.04038631985905418,1.6741752988256504,2.499999999999994,0.2521381655179789,1.4577171556689674,0.35363921455117975,1.8087963267948965,0.007824088681772267,-0.13326870468080948,-0.057207143051327076,0.05483102798461914,2.5,1.6666666666666667
2.4,-0.9057890376616425,-1.4356222357602426,5.393246330443235,2.4193417858231707,0.09978220766810106,1.6634353695943587,1.1985813593881354,0.1782224046670822,1.4570069622780444,0.35655393964070187,1.8107963267948965,0.08348635254053513,-0.08098073552171094,-0.08320592280064362,0.03739619255065918,2.5,1.6666666666666667
2.42,-0.873780804876667,-1.4719642431376796,5.426515037835122,2.3781333635899045,0.04157379208216323,1.6743892042974413,2.5,0.25469689644207594,1.456290940861215,0.3594672385149408,1.8127963267948966,0.007337791310334125,-0.13572934049544608,-0.05667950237803333,0.05429697036743164,2.5,1.6666666666666667
2.44,-0.8420009727622924,-1.5073611489468768,5.460002821921071,2.4219496994191787,0.10059141644698416,1.6611774909539112,1.2034212727704428,0.17898716387772248,1.4555690942825639,0.362379099520705,1.8147963267948966,0.08090129057322745,-0.08148314907428773,-0.08266587925902442,0.050154924392700195,2.5,1.6666666666666667
2.46,-0.8075924413243348,-1.5415142828603974,5.493226371740149,2.3807878925764037,0.0425445888720471,1.6736742885659037,2.4999999999919114,0.25208345194127807,1.4548414254294761,0.3652895110105543,1.8167963267948966,0.006785458320332211,-0.13250114519047032,-0.05612514913581747,0.08414435386657715,2.5,1.6666666666666667
2.48,-0.7734725151048207,-1.5747379949854323,5.526699857511467,2.424216681585015,0.10212490161386417,1.6633687089086158,1.1946563137929698,0.17758035264976985,1.4541079372126267,0.36819846134284656,1.8187963267948966,0.07882915155980899,-0.07990623919743617,-0.08232946510760676,0.03646373748779297,2.5,1.6666666666666667
2.5,-0.7368102399613821,-1.6065307612574742,5.559967231689639,2.382979935551875,0.04316906404052916,1.673666940370147,2.5,0.2536499903208808,1.4533686325659672,0.3711059388817844,1.8207963267948966,0.006957830522614797,-0.134077535451813,-0.055811289311353075,0.0619349479675293,2.5,1.6666666666666667
2.52,-0.7005094109599914,-1.6374246537015313,5.593440570497043,2.426187633592174,0.10253242001559082,1.6616544539821305,1.201334472913519,0.17887987966242672,1.4526235144467152,0.3740119319974615,1.8227963267948966,0.07691978383054113,-0.08094616910152388,-0.08196271656559864,0.039986371994018555,2.5,1.6666666666666667
2.54,-0.661772866737156,-1.6667203850269694,5.626673659576685,2.3850283634589617,0.04394434805766997,1.6741113654507376,1.243553799529122,0.26598003879594767,1.4518725858353423,0.37691642906590933,1.8247963267948966,0.057975455104370396,-0.1769673132049059,-0.10319493869978696,0.05512499809265137,2.5,1.6666666666666667
2.56,-0.6234515630869278,-1.695138587761115,5.6601558868857,2.3491989679246896,0.009235645139524386,1.7624603255632336,2.5,0.15919428090778376,1.4511158497355618,0.37981941846914347,1.8267963267948966,0.02635334764316386,-0.05633472071302198,-0.07836261032672949,0.04576253890991211,2.5,1.6666666666666667
2.58,-0.5851874113846574,-1.7224036410293824,5.695405093396964,2.3828087132371145,0.05433390253673762,1.6850932286931897,1.2651253743034307,0.23896343506568804,1.4503533091743173,0.38272088859521014,1.8287963267948966,0.06545829277452363,-0.14724566786964238,-0.10024473649406672,0.0451815128326416,2.5,1.6666666666666667
2.6,-0.5449266202577171,-1.7479254064967304,5.729106957970828,2.345423394740771,0.01588065009643287,1.7573125408245993,2.499999999999999,0.25868085067813107,1.4495849672017698,0.3856208278382327,1.8307963267948966,0.03112040627403449,-0.14765786360431687,-0.07462225355519825,0.050910234451293945,2.5,1.6666666666666667
2.62,-0.5048692130357302,-1.7723366613786458,5.76425320878732,2.3895007597177997,0.06946498879824878,1.7316208196213352,2.4999999999998908,0.6608550692752242,1.4488108268912863,0.388519224598458,1.8327963267948966,0.034853266755797155,-0.5502401268144856,-0.052054111658014504,0.03640437126159668,2.5,1.6666666666666667
2.64,-0.4626817590677867,-1.7948318705096347,5.7988856251797465,2.451053001937127,0.09526605489323423,1.5561753545547283,5.2475385148298415e-17,0.698,1.448030891339427,0.39141606728230305,1.8347963267948966,0.0789457033548432,-0.5939115958916599,-0.07790666564545569,0.0045545101165771484,2.5,1.6666666666666667
2.66,-0.4184109648650274,-1.8159693101952943,5.830009132270841,2.4354170058691995,0.05771433957995707,1.7297205116420291,1.252188956820971,0.14945457431146025,1.4472451636659331,0.39431134430240083,1.8367963267948966,0.05002803551887718,-0.07010481726442704,-0.10271793298233345,0.056072235107421875,2.5,1.6666666666666667
2.68,-0.3741138204619703,-1.8362571827481946,5.864603542503682,2.392918212006539,-0.0030650266243360536,1.7001585073824346,1.3164954073067707,0.22133010297217562,1.4464536470137141,0.3972050440776471,1.8387963267948966,0.054261501258955215,-0.15199106438163623,-0.12140264907526582,0.06675386428833008,2.5,1.6666666666666667
2.7,-0.33041216134975193,-1.8557659442756667,5.898606712651331,2.3550706108341095,-0.03595182975464875,1.7544176352750007,2.5,0.1398793730665354,1.4456563445488357,0.4000971550332467,1.8407963267948966,0.02995669358506398,-0.05558117300259227,-0.09740694478628711,0.06349444389343262,2.5,1.6666666666666667
2.72,-0.2870209557249363,-1.874103428313993,5.933695065356831,2.381406026611504,0.00921662388921781,1.6884320389849685,1.3047489502384437,0.24509168167927936,1.4448532594605068,0.4029876656007597,1.8427963267948966,0.06760823271293442,-0.16906903473770044,-0.11627462113779137,0.05056619644165039,2.5,1.6666666666666667
2.74,-0.24220896066449998,-1.8902390083345078,5.967463706136531,2.3448654897300876,-0.021615698307735555,1.7606647500513941,2.4999986223429063,0.14632111835335873,1.4440443949610664,0.40587656421814755,1.8447963267948966,0.03312092471910995,-0.056085744419757125,-0.09203345349896971,0.05236244201660156,2.5,1.6666666666666667
2.7600000000000002,-0.1977638990454504,-1.9052116854169492,6.002677001137559,2.374279880962266,0.022804500927341986,1.6885589219104755,1.291138379926479,0.2444178519488033,1.4432297542859713,0.40876383932981963,1.8467963267948966,0.0724580190522038,-0.16309317502630594,-0.11169380633708678,0.04827260971069336,2.5,1.6666666666666667
2.7800000000000002,-0.15200801772216946,-1.917919530383415,6.0364481795757685,2.3375574190623043,-0.009795449880406593,1.7614909795423184,2.499970809784264,0.25170971053437313,1.4424093406937837,0.4116494793866795,1.8487963267948966,0.03914913793425586,-0.1511180203421848,-0.08645113777470885,0.06031036376953125,2.5,1.6666666666666667
2.8000000000000003,-0.1067205998214546,-1.9295280632444893,6.0716779991666145,2.378490604871894,0.04262587146084525,1.736201065893959,2.4999999999999996,0.17380326079157138,1.4415831574661564,0.41453347284617065,1.8507963267948966,0.00940249546577834,-0.057426249011142655,-0.0613180483948028,0.06965422630310059,2.5,1.6666666666666667
2.82,-0.06003188062353402,-1.9386810577605147,6.106402020484493,2.413879017165899,0.09174942746247111,1.6746898646873078,1.20866557248903,0.16829602866948085,1.4407512079078215,0.41741580817232304,1.8527963267948966,0.08921121361361445,-0.0746976784823397,-0.087055784496019,0.03384518623352051,2.5,1.6666666666666667
2.84,-0.012184022799986718,-1.9453649524693655,6.13989581777824,2.372181008580463,0.03253674369159687,1.672055465559273,2.5,0.24632255587671728,1.4399134953465758,0.4202964738357994,1.8547963267948966,0.015412838031125649,-0.13017290024471623,-0.06003202944353221,0.04178023338317871,2.5,1.6666666666666667
2.86,0.034866301557467894,-1.9514958193511582,6.173336927089426,2.415402408455048,0.09287655370518134,1.661449618264232,1.2093477237673944,0.17957960910819898,1.4390700231332687,0.4231754583139408,1.8567963267948966,0.08728049283554404,-0.08429287031196714,-0.08548936401884995,0.032241106033325195,2.5,1.6666666666666667
2.88,0.08308682079682744,-1.954945379306572,6.20656591945471,2.374249545660901,0.03647799722276284,1.674671987253027,1.246402695481883,0.28030218804629525,1.4382207946417878,0.4260527500908132,1.8587963267948966,0.06492047385182702,-0.1926018738721077,-0.10601117109958529,0.06610894203186035,2.5,1.6666666666666667
2.9,0.13048834259797273,-1.9578526719778555,6.240059359199771,2.3393555399216126,0.004524514842791365,1.7689528261839256,2.5,0.18398602178649917,1.4373658132690457,0.4289283376572533,1.8607963267948966,0.03877750200815733,-0.07617260085859646,-0.08081321063908871,0.06966447830200195,2.5,1.6666666666666667
2.92,0.1772358529665878,-1.9597793789339923,6.27543841572345,2.376897275310947,0.05824325308467938,1.7500502686467285,1.2975468170844968,0.13513523327119892,1.4365050824349672,0.43180220951091464,1.8627963267948966,0.06207416787538992,-0.054557460551090564,-0.10484556221911959,0.04288601875305176,2.5,1.6666666666666667
2.94,0.2247813959939639,-1.9589828164467236,6.310439421096384,2.3336851073224203,-0.003602079706527858,1.6888257274979042,1.6450528397066573,0.698,1.4356386055824744,0.4346743541563137,1.8647963267948966,0.07483589569501145,-0.6168948011964989,-0.1107723073195555,0.05833268165588379,2.5,1.6666666666666667
2.96,0.2714397280969243,-1.9577829383626986,6.344215935646342,2.3239116174540415,-0.00906510127310262,1.7407737019319813,2.499999999739209,0.23913975546098515,1.4347663861774733,0.43754476010487575,1.8667963267948966,0.04485893078432083,-0.13687179487541729,-0.08524243728923865,0.06004071235656738,2.5,1.6666666666666667
2.98,0.31784248580907265,-1.955129067712641,6.379031409684981,2.3662934296022433,0.045916535470704206,1.7316801756959037,2.5,0.2096201285157305,1.4338884277088408,0.4404134158749806,1.8687963267948966,0.022252265927152584,-0.08530461345787387,-0.05974942553089068,0.05176091194152832,2.5,1.6666666666666667
3.0,0.36486325808136866,-1.9496858936202357,6.4136650131989,2.408632042215918,0.10404402980566163,1.7317833149862492,2.4999999999999982,0.1864281512187277,1.433004733688409,0.4432803099920094,1.8707963267948966,0.005973492558249684,-0.05074766419082752,-0.04093195063420166,0.06178545951843262,2.5,1.6666666666666667
3.02,0.4123556689603018,-1.9413549693691359,6.448300679498625,2.4455962075819713,0.1418169447011577,1.688832429190103,1.1884628672494264,0.15630429918578612,1.4321153076509532,0.4461454309883892,1.8727963267948966,0.06037745508283023,-0.04857383410828073,-0.07010896548905017,0.04312562942504883,2.5,1.6666666666666667
3.04,0.4601361634659636,-1.9305177424483826,6.482077328082427,2.403782363810643,0.07024033508030664,1.6683674743876433,1.2382737408048559,0.17045139073574558,1.4312201531541764,0.4490087674036398,1.8747963267948966,0.07001647561107903,-0.08337994464952571,-0.09417191933242951,0.05331993103027344,2.5,1.6666666666666667
3.06,0.5069864857620636,-1.919641684171265,6.51544467757018,2.362164636337862,0.016233854588867225,1.6704589628198137,2.499999999999995,0.2365274009155833,1.4303192737786952,0.4518703077844196,1.8767963267948966,0.012285326733202335,-0.12618612694704684,-0.06663642451686268,0.05090689659118652,2.5,1.6666666666666667
3.08,0.5528865074118406,-1.9084514144948896,6.548853856826576,2.404200790728591,0.07750547757989767,1.6607368297189986,1.2121876179640876,0.1816276610848456,1.429412673128026,0.4547300406845707,1.8787963267948966,0.09865344035355283,-0.09089918551920544,-0.09108184338374806,0.03985929489135742,2.5,1.6666666666666667
3.1,0.5988766125197622,-1.894331016177552,6.582068593420956,2.3631254540641042,0.02435580593201303,1.6763735865236067,2.4999999999999867,0.24611177356474445,1.4285003548285702,0.45758795466516533,1.8807963267948966,0.01912894934042797,-0.13306496766373693,-0.0639327338302659,0.048490285873413086,2.5,1.6666666666666667
3.12,0.6439003481342607,-1.8799488995709097,6.615596065151428,2.4065082723618385,0.0841467632626643,1.6625584934524718,1.2111698902233303,0.179559823388099,1.4275823225295996,0.46044403829455144,1.8827963267948966,0.09634327093068279,-0.08685352013194154,-0.08882738739663198,0.03950095176696777,2.5,1.6666666666666667
3.14,0.6888466115132782,-1.8626521222598207,6.648847235020478,2.3653363982133837,0.02938761340823417,1.6753811940402403,2.5,0.24809502344947923,1.4266585799032425,0.4632982801483983,1.8847963267948966,0.01786333725994744,-0.13316611257518246,-0.06183744482915659,0.06212306022644043,2.5,1.6666666666666667
3.16,0.732815601973766,-1.845187877606831,6.682354858901283,2.409193592567367,0.08904426892659265,1.6625685858537163,1.205926403737499,0.1794893897190771,1.4257291306444677,0.4661506688097423,1.8867963267948966,0.09358310307247204,-0.08526203392328986,-0.08707179156886623,0.0390772819519043,2.5,1.6666666666666667
3.18,0.7765193068343497,-1.824820176686562,6.715606230618357,2.368020758995417,0.03330055847760513,1.6751188180112047,2.5,0.2348749797351899,1.4247939784710717,0.46900119286903263,1.8887963267948966,0.03785370164139308,-0.11708973013537913,-0.06011551554138905,0.04711103439331055,2.5,1.6666666666666667
3.2,0.8192412739268419,-1.8043681346212992,6.749108606978581,2.411372604785285,0.09486139112372416,1.6750221577517954,1.205092321467006,0.16848850911361218,1.4238531271236612,0.4718498409241767,1.8907963267948966,0.09176704431770041,-0.07366710671055068,-0.08602904791815508,0.03814983367919922,2.5,1.6666666666666667
3.22,0.8614756991762509,-1.7810070573151036,6.782609050133617,2.369691863416082,0.03521754014368918,1.6721405397570683,1.2884110757096126,0.3094514301723949,1.4229065803656409,0.4746966015805863,1.8927963267948966,0.07409479854118987,-0.21981086210699866,-0.10557059233301118,0.05683469772338867,2.5,1.6666666666666667
3.24,0.9027434634965115,-1.757690892341483,6.816051860928758,2.336776993179812,0.007527918919383061,1.7807330995036854,1.282315627394533e-10,-0.6979999988433894,1.4219543419831964,0.4775414634512225,1.8947963267948966,0.14343314792769796,0.7244436738579554,-0.13654847049303998,0.03355097770690918,2.5,1.6666666666666667
3.2600000000000002,0.9429228415450542,-1.7338193416210252,6.8516665229188325,2.32340685559149,-0.10700142928879545,1.4813152478268536,0.9482860186763832,0.698,1.4209964157852797,0.48038441515664165,1.8967963267948966,0.11700748180918116,-0.6694731545031299,-0.14838661975124384,0.022310495376586914,2.5,1.6666666666666667
3.2800000000000002,0.9832345412278651,-1.710606535722672,6.881292827875369,2.3112256098427957,-0.11611024235972461,1.6009506576820447,1.1752816834376152,0.698,1.4200328056035947,0.48322544532504064,1.8987963267948966,0.09455598853599519,-0.6685761286863837,-0.15840709536121889,0.04378628730773926,2.5,1.6666666666666667
3.3000000000000003,1.022742189419232,-1.6864975353788834,6.91331184102901,2.3013966194021034,-0.12491289354855131,1.6940594470482286,2.5,0.5031439923978833,1.4190635152925803,0.48606454259230264,1.9007963267948966,0.05582458950610558,-0.4666401080847044,-0.13889078859975293,0.06455349922180176,2.5,1.6666666666666667
3.3200000000000003,1.061402684354663,-1.6613941893139548,6.9471930299699745,2.3429592320280634,-0.09722289360985092,1.6073515289802576,1.2436462918039766,0.698,1.4180885487293973,0.48890169560204233,1.9027963267948966,0.0672003353351093,-0.6610654749417613,-0.14958057471569236,0.047144412994384766,2.5,1.6666666666666667
3.34,1.099503963299906,-1.6340472215783586,6.979340060549579,2.3336660890534455,-0.10754774743085471,1.7040081873052746,1.6577788261863484,0.698,1.4171079098139099,0.49173689300565143,1.9047963267948966,0.06913857571259979,-0.6606196507646256,-0.1512102193796357,0.043385982513427734,2.5,1.6666666666666667
3.36,1.1366963896701798,-1.6057673878807934,7.013420224295685,2.3298034373828385,-0.10850846660855776,1.7203475048110466,1.718716688963862,0.6979999999964484,1.4161216024686727,0.4945701234623442,1.9067963267948966,0.07128295150921382,-0.6601582957329454,-0.15066748569437466,0.06160116195678711,2.5,1.6666666666666667
3.38,1.1728588865828238,-1.5763025431550923,7.047827174391906,2.3272553783655185,-0.10721852267948438,1.717621296601738,2.5,0.25937683116154164,1.4151296306389138,0.4974013756392026,1.9087963267948966,0.048599532334628714,-0.20813559509261398,-0.1304138807611016,0.07436442375183105,2.5,1.6666666666666667
3.4,1.207931749763478,-1.5456278038504816,7.082179600323941,2.3560795268294807,-0.06937182426918106,1.672582014598541,2.5,0.2144097920738125,1.4141319982925193,0.5002306382112216,1.9107963267948966,0.02785882125730297,-0.1400986326471488,-0.1051296639868075,0.045567989349365234,2.5,1.6666666666666667
3.42,1.2417899706630322,-1.5128255150246088,7.115631240615912,2.3867321027355373,-0.012376092673070188,1.6713341202406362,2.499999999999964,0.21316381909000867,1.4131287094200171,0.5030578998613549,1.9127963267948966,0.011444755086943259,-0.11397232700494565,-0.0770546889088641,0.048391103744506836,2.5,1.6666666666666667
3.44,1.274101731665598,-1.4776885342198731,7.149057923020725,2.4205375070776474,0.05160274230802757,1.6644788028887707,1.2726661307456906,0.17067203086994107,1.4121197680345614,0.5058831492805592,1.9147963267948966,0.05653684087690476,-0.09057793104872687,-0.09988400710124427,0.0539400577545166,2.5,1.6666666666666667
3.46,1.3046846466746578,-1.4401472079776907,7.1823474990785,2.3789741695341227,0.0009603808110110745,1.6706815689651717,2.499999999999983,0.22408620443197394,1.4111051781719164,0.5087063751678411,1.9167963267948966,0.009067982285857258,-0.11978555633142567,-0.07182906178903818,0.07142043113708496,2.5,1.6666666666666667
3.48,1.3342767069682202,-1.4028897580349085,7.215761130457804,2.416042222980347,0.0640782010472106,1.6605201202639415,1.2472215925298733,0.17531119171297124,1.4100849438904401,0.5115275662303005,1.9187963267948966,0.059706348190173966,-0.09037264844594772,-0.09543063659610468,0.05323028564453125,2.5,1.6666666666666667
3.5,1.3620353823599254,-1.36331701039051,7.248971532863083,2.3746757860066317,0.012140502866118529,1.6711877005045668,2.5,0.23195369461414655,1.4090590692710683,0.5143467111831771,1.9207963267948966,0.016611307117842023,-0.12335085531416509,-0.06759150942139827,0.06801772117614746,2.5,1.6666666666666667
3.52,1.388848577166806,-1.324115663775493,7.282395286873174,2.4141603724304255,0.07443362123455091,1.660101317927513,1.220115673691596,0.18070367648110705,1.4080275584172983,0.5171637987498947,1.9227963267948966,0.08836250499261424,-0.09162486814596654,-0.09191204713868424,0.04194164276123047,2.5,1.6666666666666667
3.54,1.413716156191079,-1.2827020454768592,7.3155973132317245,2.3730420424382204,0.02137868317083732,1.6757824261471128,2.4999999999685807,0.23174694348128233,1.406990415455172,0.5199788176621069,1.9247963267948967,0.037011420060621525,-0.11893531859467929,-0.06438400074933441,0.04927563667297363,2.5,1.6666666666666667
3.56,1.4376845921198067,-1.2417358604892397,7.349112961754667,2.4138952034658665,0.08360048757566577,1.6696805121863947,1.2136140473680375,0.1724108315657669,1.40594764453326,0.5227917566597418,1.9267963267948967,0.0890094743298859,-0.08112974099772735,-0.08950816321724676,0.04413199424743652,2.5,1.6666666666666667
3.58,1.4595728458249715,-1.1986724655037801,7.382506571998395,2.372371554981226,0.02685360405618975,1.6734305853034201,1.9009298859609338,0.6979999999999997,1.404899249822644,0.525602604491047,1.9287963267948967,0.046941131911029416,-0.6052289453246001,-0.08679896326563076,0.05463552474975586,2.5,1.6666666666666667
3.6,1.480645035108078,-1.156157644521082,7.415975183704463,2.3610020633716964,0.03155529302122367,1.6541320359939653,2.5,0.23316643160850067,1.4038452355169022,0.528411349912635,1.9307963267948967,0.03662973151244794,-0.11642989626909056,-0.059643746063053824,0.05228114128112793,2.5,1.6666666666666667
3.62,1.5001011762312109,-1.113127548489328,7.449057824424342,2.4053119863136434,0.09370106757846947,1.6564296706077286,1.197117642858609,0.18586117698089952,1.40278560583209,0.5312179816895279,1.9327963267948967,0.09742012702836601,-0.08912001570951807,-0.08498938406268758,0.04097580909729004,2.5,1.6666666666666667
3.64,1.5173300946214445,-1.0681732758589044,7.4821864178364965,2.364459127736067,0.038789517122713946,1.6766379623296712,2.4999999999999534,0.25699592090218204,1.4017203650067251,0.5340224885952025,1.9347963267948967,0.01722616218439023,-0.1389115426159792,-0.058586102265244765,0.05298137664794922,2.5,1.6666666666666667
3.66,1.533786928721211,-1.023833212160687,7.51571917708309,2.410104349228946,0.09685586625865089,1.662592511528516,2.5,0.19601085754519035,1.400649517301769,0.5368248594116347,1.9367963267948967,0.0030885215634060444,-0.059842287073991196,-0.038329759948067546,0.0435941219329834,2.5,1.6666666666666667
3.68,1.5479553734975269,-0.9777197782631677,7.5489710273136605,2.4488122905452645,0.14550636017348845,1.6709571543403823,2.499999998825298,0.18523226672046347,1.3995730670006115,0.539625082929345,1.9387963267948967,0.015096957248925163,-0.04250181656795857,-0.02950688942675427,0.05264997482299805,2.5,1.6666666666666667
3.7,1.5598872946647966,-0.9301301706651988,7.582390170400468,2.4789570119410977,0.16623417088104944,1.6708662559966945,0.06724168085076786,0.16898480082349826,1.3984910184090515,0.5424231479474431,1.9407963267948967,0.03790522076919444,-0.05528446695427773,-0.0616754502032596,0.01045846939086914,2.5,1.6666666666666667
3.72,1.5699848202335283,-0.881476448875011,7.615807495520402,2.4372895686448746,0.08856666402220285,1.668610314640655,1.2203756486383934,0.17043670991327256,1.397403375855283,0.5452190432736725,1.9427963267948967,0.06713257024904429,-0.07883756794608145,-0.08725509128233144,0.05688023567199707,2.5,1.6666666666666667
3.74,1.5797640223530383,-0.8336888249116224,7.649179701813215,2.3956909241205446,0.02995310012572549,1.671701888923169,2.4998984909274133,0.24093879378221622,1.3963101436898742,0.548012757724456,1.9447963267948967,0.005458795828513344,-0.12625889098759316,-0.05976305944680357,0.07542014122009277,2.5,1.6666666666666667
3.7600000000000002,1.5889218682624136,-0.7866545104683522,7.6826137395916785,2.434597589558913,0.09188371798316464,1.657985684173605,1.2090171253288393,0.1807181299677985,1.3952113262857522,0.5508042801249391,1.9467963267948967,0.06919122732888171,-0.08671291712265593,-0.08528691083628961,0.03830838203430176,2.5,1.6666666666666667
3.7800000000000002,1.595414567754006,-0.7383623985907539,7.71577345327515,2.39349181892821,0.03526415176452878,1.6743025227667647,2.5,0.2429391778464339,1.3941069280381855,0.5535935993090362,1.9487963267948967,0.00509376880162801,-0.12599598150727936,-0.058105342693695876,0.06414294242858887,2.5,1.6666666666666667
3.8000000000000003,1.6013109704908985,-0.690851861929559,7.749259503730485,2.4334974102558755,0.09674560187135214,1.6632059614327404,1.2062065562791795,0.17637191082462192,1.3929969533647655,0.5563807041194742,1.9507963267948967,0.07032337902001384,-0.08112801648820891,-0.08403346849240824,0.03666806221008301,2.5,1.6666666666666667
3.8200000000000003,1.604474168441556,-0.6422462869241509,7.78252362295914,2.392196121649392,0.03824829161111764,1.6732785873763198,1.3413867037861373,0.17710658325524922,1.391881406705389,0.5591655834078374,1.9527963267948967,0.03867895271132993,-0.09791521049839254,-0.10473536013716449,0.06551432609558105,2.5,1.6666666666666667
3.84,1.6071270775432032,-0.5944698475445087,7.815989194706666,2.351032518598183,-0.0053417765870749645,1.687596256399952,1.8605598877548504,0.698,1.3907602925222418,0.5619482260346126,1.9547963267948967,0.05521164584325125,-0.6173913321717306,-0.10099836517994187,0.059424638748168945,2.5,1.6666666666666667
3.86,1.6090198354513683,-0.5474871864583765,7.849741119834665,2.342527435479229,0.00045522654090472334,1.6600671948008041,2.499999999996041,0.4307666503153639,1.389633615299779,0.5647286208692329,1.9567963267948967,0.06403099499367375,-0.3424621827483303,-0.07457842945949786,0.04809379577636719,2.5,1.6666666666666667
3.88,1.6092094008212565,-0.5006370203727352,7.88294246373068,2.391715118397643,0.03897877083339124,1.519266894635009,0.0,0.698,1.3885013795447079,0.5675067567901227,1.9587963267948965,0.09981208597456118,-0.6144043323930082,-0.09806630561863318,0.007116794586181641,2.5,1.6666666666666667
3.9,1.607045024864393,-0.4528453506218637,7.913327801623381,2.3750916084922293,0.007555729667470527,1.6835687131421568,1.8929153662170428,0.6979999999943423,1.3873635897859695,0.5702826226847422,1.9607963267948967,0.04541038841224877,-0.613196390558752,-0.09477031208256875,0.053192853927612305,2.5,1.6666666666666667
3.92,1.6040767790844723,-0.40543610666984115,7.946999175886224,2.365368942081817,0.012611113435488208,1.657254309045065,2.5,0.16383098472342467,1.386220250574722,0.5730562074496311,1.9627963267948967,0.045659203418831215,-0.05975848371807725,-0.06748684574218072,0.04364585876464844,2.5,1.6666666666666667
3.94,1.5994315739301739,-0.3583566655302799,7.9801442620671255,2.3996926824949205,0.06796920857358268,1.606387558640544,2.076962627019028,0.698,1.3850713664843206,0.5758274999904545,1.9647963267948967,0.07331240799279114,-0.5909799938689024,-0.05963557786384561,0.04561638832092285,2.5,1.6666666666666667
3.96,1.5920440135895513,-0.3109153136765735,8.012272013239937,2.3895027070917783,0.07998630546935243,1.5539841515359007,1.5848569701475346e-17,0.698,1.3839169421103,0.5785964892220455,1.9667963267948967,0.11756370370790563,-0.5967285653352896,-0.08481118287050096,0.006216287612915039,2.5,1.6666666666666667
3.98,1.5829311315808743,-0.2639748856853359,8.043351696270655,2.3735440612274354,0.04518102438772294,1.723674971994785,2.5,0.2562971724499828,1.3827569820703562,0.5813631640684512,1.9687963267948967,0.01852698809311766,-0.13410763653319016,-0.05907569394707383,0.04937243461608887,2.5,1.6666666666666667
