time,x,y,yaw,vx,vy,r,vx_cmd,delta,target_x,target_y,target_yaw,cost,alpha_f,alpha_r,runtime,vx_goal,r_goal
0,1.1,0.0,1.5707963267948966,0.0,0.0,0.0,0.1,0.0,1.1,0.0,1.5707963267948966,18.653236107905677,0.0,0.0,1.0015113353729248,2.5,2.2727272727272725
0.1,1.1,0.0,1.5707963267948966,0.5686486739299612,0.0,0.0,0.1,0.0,1.0999450004583318,0.010999816667583333,1.5807963267948966,74.94334840402246,0.0,0.0,0.004309654235839844,2.5,2.2727272727272725
0.2,1.1,0.05686486739299612,1.5707963267948966,0.3299030474708172,0.0,0.0,0.1366905441875202,0.00334100151781011,1.0997800073332356,0.021998533362666394,1.5907963267948966,20.320465315068457,0.05429364842188602,0.0051349640876968555,1.0778672695159912,2.5,2.2727272727272725
0.30000000000000004,1.1,0.08985517214007785,1.5707963267948966,0.09116791111074252,0.003139795053117773,0.018646335768562224,0.10991183146281874,0.12077004753309097,1.0995050371238864,0.03299505022274524,1.6007963267948966,9.196712391281014,0.5096655009592741,-0.00035043820895541017,0.8781642913818359,2.5,2.2727272727272725
0.4,1.0996860204946883,0.0989719632511521,1.5726609603717527,0.447306624039291,0.18192207123064327,1.270790232895326,0.5410577636062455,0.697999999997327,1.0991201173270757,0.04398826760529759,1.6107963267948966,6.041368538171278,-0.1819323031971043,-0.03422810321946102,0.19173693656921387,2.5,2.2727272727272725
0.5,1.0814104387507772,0.1436686261134327,1.6997399836612854,0.9329068080236846,0.2809474998284069,2.1837772624714535,2.5,-0.697999999999982,1.098625286434463,0.05497708619774617,1.6207963267948966,7.621245230827701,0.672923272656283,-0.17550944243711494,0.3021385669708252,2.5,2.2727272727272725
0.6000000000000001,1.0415529882843155,0.23257222414794015,1.9181177099084308,1.4142539107767327,-0.13075065225732485,0.8378328942800017,0.31301346855801343,0.6979999999999998,1.0980205939287246,0.06596040712738907,1.6307963267948966,4.332440012779645,-0.550077007683234,-0.11803123838218484,0.270263671875,2.5,2.2727272727272725
0.7000000000000001,1.0057088874112214,0.3700032941602537,2.001900999336431,1.3521793523837022,0.041381764320817555,1.4079178362567872,0.8316644061426952,0.6979999999999984,1.0973061002786075,0.07693713207128605,1.6407963267948966,4.281517958600504,-0.4107672858386504,-0.06198309864494304,0.2790064811706543,2.5,2.2727272727272725
0.8,0.9454451863581658,0.49112018336113705,2.1426927829621096,1.321171106718367,0.18130053621938214,1.8376315481007204,0.8983212914877882,0.698,1.0964818769328812,0.08790616336608999,1.6507963267948966,2.2751503842784344,-0.3104092375917799,-0.08609303002006179,0.6871843338012695,2.5,2.2727272727272725
0.9,0.8586946173717647,0.592401813270733,2.326455937772182,1.2617579789517137,0.23898807825783017,2.4280138837136853,0.0,-0.698,1.0955480063131937,0.09886640411781217,1.6607963267948966,6.129223970856895,0.5765189041766083,-0.2884664030429016,0.35001492500305176,2.5,2.2727272727272725
1.0,0.75477316478006,0.6678459428051569,2.5692573261435503,1.2681927858497666,-0.252837180943722,0.861883301287605,1.7600870778734374,0.43837471148910495,1.0945045818058285,0.10981675831151098,1.6707963267948966,3.2091135916445084,-0.3115417010482716,-0.036654735243958306,0.1956794261932373,2.5,2.2727272727272725
1.1,0.6618575793779045,0.7577853102193451,2.655445656272311,1.511982611337806,0.08295587266028981,0.9659549771117352,0.8477689501941793,0.6836427408416601,1.0933517077523667,0.12075613092089232,1.6807963267948967,3.489176027939184,-0.40616822358164584,-0.06686405765994585,0.324129581451416,2.5,2.2727272727272725
1.2000000000000002,0.5243013178125379,0.8210941235246635,2.7520411539834844,1.449163066522921,0.18717414372927016,1.9836385231662446,1.7342085324421534,0.698,1.092089499439253,0.13168342801781133,1.6907963267948967,1.2100171700509,-0.43660244879804677,-0.006017056674497606,0.6050386428833008,2.5,2.2727272727272725
1.3,0.38313383700294146,0.8588144084708467,2.950405006300109,1.9567989400665162,0.2866351837639399,2.082701674926514,5.195436664478735e-15,0.3594802710079631,1.090718083086267,0.14259755688166437,1.7007963267948967,0.6726079325796526,-0.25180253373576067,-0.22312768355737883,0.2573087215423584,2.5,2.2727272727272725
1.4000000000000001,0.1855725923155649,0.8678572399822058,3.1586751737927603,1.7952047104258262,-0.07205796983071783,2.3400643507612884,2.2997648905304398,0.698,1.089237595833901,0.15349742610866016,1.7107963267948967,1.2859430003037846,-0.6139191449093283,-0.1850642815923897,0.5401160717010498,2.5,2.2727272727272725
1.5,0.005955226608501896,0.8719954726928195,3.392681608868889,2.1067124348042636,-0.07552633029502973,2.2254583104075003,1.5353081543102265,0.6616363439407933,1.0876481857296465,0.16438194572095918,1.7207963267948967,0.1994423859306297,-0.6038549198452335,-0.20938713436829345,0.1947784423828125,2.5,2.2727272727272725
1.6,-0.1999863987581752,0.8269681250405466,3.6152274399096394,2.113021058679828,-0.13054325182346907,2.222763602404931,1.7120833356885359,0.4863925691226111,1.0859500117131897,0.17525002727567063,1.7307963267948967,0.21767389158135225,-0.43106530809328414,-0.20663095811168403,0.1982431411743164,2.5,2.2727272727272725
1.7000000000000002,-0.39398196831719334,0.742205430760086,3.8375038001501323,2.1094506597480627,-0.1305308634133323,2.175169047132151,1.6208299461080022,0.5247032315193265,1.0841432436005167,0.18610058397369567,1.7407963267948967,0.2351077646535082,-0.47274642295610575,-0.21093966787753637,0.17602801322937012,2.5,2.2727272727272725
1.8,-0.5642440942353552,0.6169895675478807,4.055020704863347,2.0963682895253237,-0.13784818392341933,2.1708310457422355,1.6284154874651722,0.5066595918838008,1.0822280620669338,0.19693253076840664,1.7507963267948967,0.2546953743338359,-0.45398375375783134,-0.21028703714637642,0.2008512020111084,2.5,2.2727272727272725
1.9000000000000001,-0.7032517827726001,0.45946343067239115,4.272103809437571,2.0825071019731785,-0.13547075851548468,2.156789829062724,1.5871084207010258,0.5235669618752894,1.0802046586289975,0.20774478447415068,1.7607963267948967,0.2715503549153887,-0.46982271739014,-0.21091523464644968,0.23040223121643066,2.5,2.2727272727272725
2.0,-0.8042627992074418,0.27684728647748424,4.487782792343843,2.0673025987465934,-0.13384771436179693,2.1549457307759727,1.5842825580700401,0.519645645091695,1.078073235625366,0.21853626387456734,1.7707963267948965,0.2872030813079245,-0.46244525309704754,-0.20845743719451149,0.1443800926208496,2.5,2.2727272727272725
2.1,-0.8633548424118642,0.07829078851237195,4.703277365421441,2.0534683140477514,-0.12664871347826728,2.1476976625660793,1.4100003429294956,0.5935451938759835,1.0758340061965632,0.22930588983070957,1.7807963267948965,0.33685877465581027,-0.5431586691715794,-0.2261538987545556,0.1559758186340332,2.5,2.2727272727272725
2.2,-0.8778902034071879,-0.12693212301305637,4.9180471316780485,2.030008888016955,-0.14960724671360445,2.215784279130999,1.5407469971223988,0.5115495228650158,1.0734871942636661,0.2400525853889563,1.7907963267948965,0.36537766184693005,-0.4592368940084674,-0.2238112230879674,0.11684489250183105,2.5,2.2727272727272725
2.3000000000000003,-0.8510805444869121,-0.32871028418405396,5.139625559591148,2.0131169002075957,-0.14399878540430386,2.1931620946878785,1.4812879143928095,0.5376145237721199,1.0710330345059123,0.2507752758887073,1.8007963267948968,0.3887092247863728,-0.48328826329331154,-0.2239767693495976,0.10303187370300293,2.5,2.2727272727272725
2.4000000000000004,-0.780771099165075,-0.517893621028315,5.358941769059936,1.9945735266419256,-0.14058053153339617,2.1899839846443867,1.4599687034000743,0.5450843112719306,1.0684717723372326,0.2614728890698481,1.8107963267948968,0.4097125542743164,-0.4874008250020647,-0.22267877781445072,0.12162542343139648,2.5,2.2727272727272725
2.5,-0.671830951366739,-0.6855626658396543,5.577940167524375,1.9773982296502743,-0.13446298739621493,2.1865361446605607,1.4369537018902498,0.5564766071088098,1.0658036638817092,0.27214435517997526,1.8207963267948966,0.42722941640163353,-0.49477195660672624,-0.22078017660164026,0.12379312515258789,2.5,2.2727272727272725
2.6,-0.5299776018303526,-0.8239803950557606,5.796593781990431,1.962060858219201,-0.1272735824346407,2.1851543325457286,2.4603910117374257,0.26153742875108776,1.0630289759479645,0.28278860708137066,1.8307963267948966,0.1605735163682786,-0.18240093819165437,-0.19288518315940656,1.0738415718078613,2.5,2.2727272727272725
2.7,-0.362496307246595,-0.9269795684794574,6.015109215245004,2.1381264903945714,-0.09025584917284206,2.284679746743984,1.636595350212968,0.6163402942516024,1.0601479860024796,0.2934045803577143,1.8407963267948966,0.16468325012072849,-0.5647132539002909,-0.21228932537167608,0.20627808570861816,2.5,2.2727272727272725
2.8000000000000003,-0.1587112262073048,-0.9923167770070576,6.243577189919402,2.147813888982373,-0.14296885656112757,2.2331406268904463,1.8005382904540834,0.4389551991944559,1.0571609821418482,0.30399121342052515,1.8507963267948966,0.1892356196249411,-0.3885536247692301,-0.20711484251004603,0.14027833938598633,2.5,2.2727272727272725
2.9000000000000004,0.05533558520311785,-1.0151073119185239,6.4668912526084465,2.143910229414736,-0.13904637798759295,2.173711056292638,1.6513372376528581,0.5130474615728942,1.054068263063967,0.31454744761531916,1.8607963267948966,0.20886475538065272,-0.46803108892116096,-0.21427572878572948,0.13002467155456543,2.5,2.2727272727272725
3.0,0.2686591714285146,-0.9896142299129703,6.68426235823771,2.126938739167819,-0.1513937175941793,2.1738085935688303,1.6672100671537902,0.4875066581752192,1.0508701380381666,0.3250722273274736,1.8707963267948966,0.23345675228858453,-0.44288962745197746,-0.21465417589050928,0.16148948669433594,2.5,2.2727272727272725
3.1,0.4703844442883802,-0.920514310458527,6.901643217594593,2.109578584455225,-0.1509986796767974,2.156035159099458,1.6048138377457866,0.5130824356071525,1.0475669268742849,0.33556450008778793,1.8807963267948966,0.2557429067918405,-0.46897809948168157,-0.21741143039763447,0.17650103569030762,2.5,2.2727272727272725
3.2,0.6510219086442507,-0.810508262790028,7.117246733504539,2.089681720747645,-0.1528453093243689,2.155022333692287,1.6090096372398646,0.5005506470291795,1.044158959890685,0.3460232166777296,1.8907963267948966,0.2782774755055321,-0.45305161316282727,-0.21500004474809867,0.17630791664123535,2.5,2.2727272727272725
3.3000000000000003,0.8027427483039024,-0.6660018593365364,7.332748966873767,2.071110490534233,-0.14524246703046212,2.1429147462207507,1.5604815631756292,0.5237718512885896,1.0406465778812257,0.3564473312343553,1.9007963267948966,0.2961086049973049,-0.47297923714431445,-0.21430291271973556,0.14140629768371582,2.5,2.2727272727272725
3.4000000000000004,0.9184691043765425,-0.49362624942478306,7.5470404414958425,2.0526332633982416,-0.13950524779049783,2.1443335236325307,1.4177214869262704,0.5753214132130391,1.037030132081181,0.3668358013548959,1.9107963267948966,0.35114085718416177,-0.5285505464955224,-0.22875355283948537,0.08112239837646484,2.5,2.2727272727272725
3.5,0.99378673805265,-0.30217154371314037,7.761473793859095,2.0256149524352463,-0.15583118336038843,2.204010660775504,2.5,0.2507006111321043,1.033309984132117,0.37718758820099657,1.9207963267948966,0.12080923974205789,-0.18575775980831644,-0.20376112590316556,0.7108578681945801,2.5,2.2727272727272725
3.6,1.028015037495828,-0.10191566627231319,7.981874859936646,2.183712224995863,-0.12048400546195717,2.3083029775271604,1.8642913166895483,0.4566538535751012,1.0294865060457283,0.38750165660259905,1.9307963267948967,0.13503840612522963,-0.40481198006492486,-0.20513233882579657,0.12553620338439941,2.5,2.2727272727272725
3.7,1.0121129094604728,0.1162087869548126,8.212705157689362,2.1933009096276606,-0.13847572372219463,2.2184534407011047,1.7590279675713465,0.4858848932996127,1.0255600801666378,0.39777697516145827,1.9407963267948967,0.15699493676756168,-0.4444253251645512,-0.2130729113637474,0.1724545955657959,2.5,2.2727272727272725
3.8000000000000003,0.9480767706959696,0.3264391772281324,8.434550501759473,2.181878644923887,-0.1584230115942147,2.189013576234734,1.7450107245221758,0.46299445662969724,1.0215310991341613,0.40801251635428104,1.9507963267948967,0.18476081788752838,-0.4259184513852088,-0.21683462080558524,0.16903090476989746,2.5,2.2727272727272725
3.9000000000000004,0.841647347983243,0.5175666234487382,8.653451859382946,2.162892669628443,-0.16611027407987436,2.1661841256817436,1.6781179727794648,0.48424287011477046,1.0173999658430444,0.41820725663547764,1.9607963267948967,0.21312178331028106,-0.45047355546193635,-0.22177362635207,0.17824673652648926,2.5,2.2727272727272725
4.0,0.6981501039565676,0.680248872608326,8.87007027195112,2.1392313882510976,-0.1731492236079356,2.158081904469841,1.6604369773449545,0.4789633778153212,1.0131670934031738,0.42836017653951564,1.9707963267948967,0.24302279515185393,-0.4447268165697189,-0.22252007111335217,0.1517035961151123,2.5,2.2727272727272725
4.1000000000000005,0.5254234712708032,0.8076397130254632,9.085878462398103,2.1150159717198633,-0.1713718613907506,2.1439592020606653,1.4530011718250928,0.5505344789544554,1.0088329050982656,0.4384702607828653,1.9807963267948967,0.2984802570571848,-0.5240205154493748,-0.24171669815103894,0.19606804847717285,2.5,2.2727272727272725
4.2,0.331649099823108,0.8941157312335023,9.300274382604169,2.077165533262207,-0.19588700299229264,2.2069451568318423,2.4999999999999996,0.2383633633374636,1.0043978343435391,0.4485364983655273,1.9907963267948967,0.10807003041261207,-0.1882729350506188,-0.21521262009691813,0.27384305000305176,2.5,2.2727272727272725
4.3,0.12797295702383718,0.9393474961730753,9.520968898287354,2.208236087630252,-0.1518785047800489,2.30902742758613,2.5,0.31338351812782067,0.9998623246423737,0.4585578826721319,2.0007963267948967,0.02976514486095873,-0.27199702997602226,-0.2042912233925323,0.479738712310791,2.5,2.2727272727272725
4.4,-0.09328851399215182,0.9332566478652846,9.751871641045966,2.34271032319135,-0.1606847429464202,2.2660630583872647,2.5,0.27974746387536636,0.9952268295419597,0.46853341157259965,2.0107963267948965,0.00946965720692743,-0.24005649459763173,-0.1963564370386104,0.32538390159606934,2.5,2.2727272727272725
4.5,-0.3203011989954765,0.8732037270569504,9.978477946884693,2.436165890913289,-0.16049517177948697,2.2620450720124277,2.481052712287818,0.266640079518197,0.9904918125879446,0.4784620875223533,2.0207963267948967,0.0013509157453135876,-0.2307010383455263,-0.19522810121383485,0.4949944019317627,2.5,2.2727272727272725
4.6000000000000005,-0.5359572014423855,0.758752348337612,10.204682454085935,2.495813462637149,-0.1683577093343457,2.2695523227089978,2.335191717898021,0.2696738107779016,0.9856577472780778,0.4883429176620719,2.0307963267948965,0.002607470438758807,-0.2449339580417783,-0.2055903677846952,0.43494462966918945,2.5,2.2727272727272725
4.7,-0.7252438304300911,0.5952137789657291,10.431637686356835,2.4947837667011683,-0.1957905666060251,2.264542252252214,2.349482128150198,0.26724455830732163,0.980725117014862,0.4981749139169752,2.0407963267948968,0.020502029910628647,-0.2572922234290345,-0.21817011982197287,0.34308624267578125,2.5,2.2727272727272725
4.800000000000001,-0.875141744686358,0.3948306080473692,10.658091911582057,2.4921931194688454,-0.23065462864726255,2.246382237904751,2.393606795188894,0.24456053054074986,0.9756944150572127,0.5079570930956313,2.0507963267948965,0.008582942836440895,-0.24280459172766258,-0.22709562133496905,0.24967503547668457,2.5,2.2727272727272725
4.9,-0.9794257525201217,0.16730670439201667,10.882730135372531,2.490508274170103,-0.2522200188836337,2.256359510386995,2.438278608695438,0.23900450082253413,0.9705661444711337,0.5176884769882739,2.0607963267948968,0.04445330124655986,-0.2480969362341622,-0.23576760565379645,0.1898972988128662,2.5,2.2727272727272725
5.0,-1.0325316611986635,-0.07732000404306089,11.10836608641123,2.493484314145369,-0.2777021291279168,2.242610440138094,2.5,0.04000557246691877,0.9653408180794101,0.5273680924646234,2.0707963267948966,0.05694229268419656,-0.059731004724685094,-0.24807258997180315,0.1958906650543213,2.5,2.2727272727272725
5.1000000000000005,-1.0320605522609532,-0.3282096272451387,11.33262713042504,2.4446346408382804,-0.30087791307530964,2.2216864482176746,2.5,0.20788219848723485,0.9600189584103264,0.5369949715711984,2.080796326794897,0.07470101323725592,-0.22429895199707914,-0.24827991047542752,0.19669866561889648,2.5,2.2727272727272725
5.2,-0.9796095779797483,-0.568868214780641,11.554795775246808,2.4552426389184405,-0.29789273760729745,2.2650545458402846,2.5,0.22196553630817356,0.9546010976454149,0.5465681516281105,2.0907963267948966,0.06668612772363144,-0.24673235566009183,-0.25393742412597387,0.1731271743774414,2.5,2.2727272727272725
5.300000000000001,-0.8746038904023373,-0.792795369380566,11.781301229830836,2.4651959611267653,-0.31715886773701457,2.2519461660797457,2.4999999999999996,0.21122343854238565,0.9490877775662371,0.5560866753253318,2.100796326794897,0.09604216875023483,-0.24279078174198127,-0.25993503962065717,0.1831498146057129,2.5,2.2727272727272725
5.4,-0.7226500544382172,-0.98948761751757,12.00649584643881,2.465764875832407,-0.33358375190132356,2.2486830857264666,2.4999999999958207,0.3037270781606745,0.9434795495002066,0.5655495908184245,2.1107963267948966,0.107213217602529,-0.35031730144009854,-0.2641718863238215,0.16037917137145996,2.5,2.2727272727272725
5.5,-0.5314364329712359,-1.1487047534976387,12.231364155011457,2.4880275676060686,-0.36246611211917573,2.1672916556388357,2.5,0.1758710551443696,0.9377769742654564,0.5749559518237252,2.120796326794897,0.0942626219075303,-0.21538699580501297,-0.2655629991129721,0.10516548156738281,2.5,2.2727272727272725
5.6000000000000005,-0.3083820621854041,-1.2647365434061042,12.44809332057534,2.4673496367297183,-0.3513349103073382,2.231660990861769,2.4999999999999676,0.010298418212808254,0.9319806221147577,0.5843048177129718,2.1307963267948966,0.09877313832526488,-0.05815928980953654,-0.27735236866582047,0.18900060653686523,2.5,2.2727272727272725
5.7,-0.06751675122129858,-1.3287397188341574,12.671259419661517,2.3988399474674926,-0.3662448661319263,2.2102229239978994,2.5,0.3660729580842558,0.9260910726784957,0.5935952536073663,2.140796326794897,0.14969384137005226,-0.42317100845612016,-0.27056705223027644,0.1376352310180664,2.5,2.2727272727272725
5.800000000000001,0.1748833503183917,-1.3400478897245456,12.892281712061306,2.44613859127698,-0.3781738004964991,2.0959556332981326,2.5,0.16146610245881518,0.9201089149067057,0.602826330471061,2.1507963267948966,0.08022895170728118,-0.19532069753303674,-0.261154427941201,0.17543554306030273,2.5,2.2727272727272725
5.9,0.41872866028685446,-1.29755601853076,13.10187727539112,2.4300051209905527,-0.33325227697993426,2.2067709599748797,2.5,0.24163758329262286,0.9140347470101798,0.6119971252040624,2.160796326794897,0.041075608787589514,-0.2803284070003347,-0.2594276032080626,0.2179737091064453,2.5,2.2727272727272725
6.0,0.6447166716856033,-1.202218521261505,13.322554371388607,2.443436199711668,-0.33969153957282633,2.1553445124727637,2.4999999999999996,0.18011455193162232,0.9078691764006461,0.6211067207345391,2.1707963267948966,0.06627337937087344,-0.20178975086782214,-0.2540583593742809,0.19137859344482422,2.5,2.2727272727272725
6.1000000000000005,0.8457747816241891,-1.0592732713610236,13.538088822635883,2.440372048390326,-0.30989603030439117,2.2598680568577887,2.5,0.216503012105032,0.9016128196300275,0.6301542061105294,2.1807963267948964,0.09178073654698651,-0.2440069356137028,-0.2581009227520071,0.15656638145446777,2.5,2.2727272727272725
6.2,1.008975758822092,-0.8752081907963447,13.764075628321661,2.449383440328522,-0.32368646134336476,2.253797171178136,2.5,0.31324548629293164,0.8952663023287873,0.6391386765910357,2.1907963267948967,0.09940164484333691,-0.3554447322897027,-0.2607847132301398,0.14871525764465332,2.5,2.2727272727272725
6.300000000000001,1.1283966061332065,-0.6589186097767744,13.989455345439476,2.4800617523133655,-0.3512369793964294,2.167763592388501,2.4999999999999956,0.1843122263315476,0.888830259143367,0.6480592337364967,2.200796326794897,0.06393424434987005,-0.22106248202089412,-0.26113645448877265,0.2500119209289551,2.5,2.2727272727272725
6.4,1.1996381408489125,-0.41878243832153006,14.206231704678325,2.465585779758806,-0.342096127108851,2.211083404533373,2.5,0.25096803324026123,0.8823053336727219,0.6569149854986314,2.2107963267948967,0.08486519232520298,-0.2963485798210901,-0.2632361825739299,0.20280909538269043,2.5,2.2727272727272725
6.5,1.2167512214475533,-0.1704508606924626,14.427340045131663,2.47195802991594,-0.3573563036163021,2.155297457075935,2.5,0.17624784511938604,0.8756921784039615,0.6657050463096436,2.2207963267948965,0.041590851878273306,-0.21047597537519216,-0.2615628454291209,0.27293944358825684,2.5,2.2727272727272725
6.6000000000000005,1.180265708320596,0.07663537450866034,14.642869790839256,2.456697350036,-0.3379008036898644,2.231619707643211,2.499999999999991,0.2823946212579664,0.8689914546471016,0.6744285371707773,2.2307963267948967,0.08577595945424486,-0.3280493436247617,-0.26387831142628304,0.12827658653259277,2.5,2.2727272727272725
6.7,1.0908184950365964,0.30792433720210205,14.866031761603578,2.474319315320728,-0.3588308905768196,2.161343455882372,2.4999999999999996,0.18201826316814101,0.8622038324689342,0.6830845857402157,2.2407963267948965,0.08320935336627443,-0.22143796823233908,-0.26333093341990305,0.18998932838439941,2.5,2.2727272727272725
6.800000000000001,0.9527893700860313,0.516390443529714,15.082166107191815,2.458770209881932,-0.3473746119013413,2.2019027467324865,2.5,0.1869214052212831,0.8553299906260207,0.6916723264203155,2.2507963267948967,0.08355444981770077,-0.22141035086671726,-0.2646225073410469,0.16761136054992676,2.5,2.2727272727272725
6.9,0.7738541626012929,0.6885659126952084,15.302356381865064,2.449528559346972,-0.3408283102231292,2.253896766761837,2.5,0.014585967396960749,0.8483706164968172,0.7001909004441649,2.260796326794897,0.14376249339899327,-0.06209672265949876,-0.2767854071151264,0.1645369529724121,2.5,2.2727272727272725
7.0,0.5622243046383625,0.8165360038089133,15.527746058541247,2.3876330092857607,-0.3634192856660392,2.197464010843883,2.5,0.3224810944445155,0.8413264060129373,0.7086394559614603,2.2707963267948967,0.12337653418869049,-0.3743745163947973,-0.2687461524796886,0.1481761932373047,2.5,2.2727272727272725
7.1000000000000005,0.333841873347466,0.8950860815931453,15.747492459625635,2.42604124636258,-0.3659022455780989,2.109510485706696,2.5,0.012469335342613415,0.834198063589559,0.7170171481236904,2.2807963267948965,0.21895248828686922,-0.027166559254774403,-0.26223635253284033,0.15485286712646484,2.5,2.2727272727272725
7.2,0.08998126006391391,0.9220602750507042,15.958443508196304,2.3686055931333017,-0.3007338119077886,2.3383694897399323,2.5,0.44708561284881637,0.8269863020549845,0.7253231391686206,2.2907963267948968,0.08071014856505726,-0.487724853520395,-0.2617568834982164,0.12494349479675293,2.5,2.2727272727272725
7.300000000000001,-0.14694197559435296,0.8924847240044966,16.1922804571703,2.4568941483657696,-0.34694786612350703,2.1724107474343053,2.5,0.18064714154742972,0.8196918425793575,0.7335565985040677,2.3007963267948965,0.0752426946388354,-0.20961746724424007,-0.2597840568813647,0.14339995384216309,2.5,2.2727272727272725
7.4,-0.3805294441643129,0.8087953500798809,16.40952153191373,2.4481869614009173,-0.32748269336238595,2.255874702349889,2.5,0.3209416437897631,0.8123154146025466,0.7417167027909597,2.3107963267948968,0.10287875476364305,-0.3651509072933649,-0.2624351112462722,0.1434650421142578,2.5,2.2727272727272725
7.5,-0.5886671389224574,0.6758015790038682,16.635109002148717,2.480329158610268,-0.35600071348340967,2.1656322060255726,2.5,0.21161149214477065,0.804857755761203,0.7498026360256675,2.3207963267948966,0.11320206820485337,-0.2595996394786537,-0.2629283687403587,0.21929216384887695,2.5,2.2727272727272725
7.6000000000000005,-0.7659934120789222,0.498761794551421,16.851672222751272,2.4705518197007925,-0.36039154458890776,2.125776019948309,2.5,0.16863839663511107,0.7973196118149957,0.7578135896216066,2.330796326794897,0.032140878809742826,-0.19853810144222897,-0.2581240773542033,0.2628178596496582,2.5,2.2727272727272725
7.7,-0.901130971075205,0.28882627173332587,17.064249824746103,2.454516184880135,-0.32767278623272483,2.235856482677727,2.4999999999983813,0.2885223065854078,0.7897017365720378,0.7657487624900925,2.3407963267948966,0.09837548905661511,-0.3304016249314181,-0.26027402241097436,0.14079713821411133,2.5,2.2727272727272725
7.800000000000001,-0.985396159972758,0.05597531187526508,17.287835473013875,2.4766547782785215,-0.34971250564582257,2.1626029848650132,2.4999999999999947,0.18520494948119928,0.7820048918135051,0.7736073611204514,2.350796326794897,0.0763070467770182,-0.2210066573287548,-0.25973929061088974,0.23281121253967285,2.5,2.2727272727272725
7.9,-1.0181182193591902,-0.1919973561816398,17.504095771500374,2.463654129995297,-0.3388922810930627,2.2041114250650087,2.5,0.23865797816288697,0.7742298472174597,0.7813885996593687,2.3607963267948966,0.08111308628836604,-0.28168268107905803,-0.26121930998139886,0.16614365577697754,2.5,2.2727272727272725
8.0,-0.9961042728902252,-0.4397064247785222,17.724506914006874,2.467834757518453,-0.35115153558089934,2.153606345237972,2.499999999998257,0.18403944492264887,0.766377380281882,0.7890916999894751,2.370796326794897,0.09421910713749461,-0.21884356806379682,-0.25895449409768334,0.15721726417541504,2.5,2.2727272727272725
8.1,-0.9213919528827718,-0.6775156490585609,17.93986754853067,2.456461214617791,-0.33562185610817746,2.1991939850241313,2.5,0.23519080574274118,0.7584482762469217,0.7967158918071569,2.3807963267948966,0.07788664311064816,-0.2759677917633757,-0.25926943232198413,0.16990137100219727,2.5,2.2727272727272725
8.200000000000001,-0.7970583114678943,-0.892014094052241,18.159786947033083,2.462096442535335,-0.3449693566199718,2.150165335724392,2.4999999999999996,0.1841090224059295,0.7504433280163748,0.8042604126995857,2.390796326794897,0.06906665591907324,-0.2141827544077187,-0.2557747479556632,0.20691370964050293,2.5,2.2727272727272725
8.3,-0.6290863379258828,-1.0753025104836165,18.37480348060552,2.4539255211053077,-0.3251051148419899,2.209674285493102,2.5,0.1937742253169035,0.7423633360783938,0.8117245082209591,2.4007963267948966,0.030549203560482137,-0.21764419678643881,-0.2564201544556814,0.25290703773498535,2.5,2.2727272727272725
8.4,-0.4256939002723398,-1.2163909731360723,18.595770909154833,2.4533061044133886,-0.3172803733106607,2.2749639638806145,2.5,0.25668855628087206,0.7342091084254388,0.8191074319679454,2.410796326794897,0.10290112058212017,-0.2947843905206126,-0.26276672786981287,0.130173921585083,2.5,2.2727272727272725
8.5,-0.1961874039942506,-1.308697771036102,18.823267305542895,2.467631947329473,-0.3461418382908499,2.21675903330395,2.5,0.19068973879200943,0.7259814604734803,0.826408445654322,2.4207963267948966,0.08714911329013826,-0.22809650478101526,-0.2664432109861036,0.16673946380615234,2.5,2.2727272727272725
8.6,0.04958067351738313,-1.349786310474731,19.044943208873292,2.4569231871110206,-0.34798488377485814,2.251463614844434,2.4999999999994427,0.3287997193904533,0.7176812149804571,0.8336268191848047,2.4307963267948964,0.1195692939625774,-0.3821801740849089,-0.26973956639416924,0.17822265625,2.5,2.2727272727272725
8.700000000000001,0.2973540981722689,-1.3362223766137373,19.270089570357737,2.4846966959159724,-0.37798982115737206,2.1564321031523788,2.499999999999713,0.2111821850458372,0.7093092019640013,0.8407618307280558,2.4407963267948967,0.12350288883091079,-0.26792183777326395,-0.2703187369005183,0.18505334854125977,2.5,2.2727272727272725
8.8,0.5396062521004774,-1.2692908169943258,19.485732780672976,2.4693649290090414,-0.3809774127837752,2.1167424660910292,2.5,0.16567437115980788,0.7008662586184382,0.8478127667888664,2.450796326794897,0.10826743319982732,-0.20735899302414235,-0.26556875701579075,0.18796372413635254,2.5,2.2727272727272725
8.9,0.7608701164789062,-1.1532245784189472,19.69740702728208,2.447440493646217,-0.35147066056527004,2.193025829591244,2.5,0.19482461928269462,0.6923532292310665,0.8547789222795065,2.4607963267948967,0.08773331235900578,-0.23500626797471577,-0.26533117929044203,0.19974541664123535,2.5,2.2727272727272725
9.0,0.949147205414366,-0.9929538582802917,19.916709610241202,2.440943842108335,-0.34821336866127844,2.199080201211638,2.4999999999999996,0.2632390398800628,0.6837709650977308,0.8616596005902318,2.470796326794897,0.08726248172368084,-0.30934734477696546,-0.26368633813958603,0.14298200607299805,2.5,2.2727272727272725
9.1,1.0974493936050642,-0.7959740245859231,20.136617630362366,2.4550595086026785,-0.3564361697831705,2.1382100770358226,2.499999999999998,0.21374919357203445,0.6751203244376928,0.8684541136589455,2.4807963267948967,0.10648301202602493,-0.25881157255564263,-0.25898065991274405,0.1400303840637207,2.5,2.2727272727272725
9.200000000000001,1.2003955044635284,-0.5702623997230951,20.35043863806595,2.4521261921514097,-0.34910636384883265,2.0975454603651027,2.5,0.1699905581739497,0.666402172307809,0.8751617820400028,2.490796326794897,0.04680827608767387,-0.19030361048502673,-0.24905018079373012,0.1913433074951172,2.5,2.2727272727272725
9.3,1.252350592274611,-0.3280875661716091,20.56019318410246,2.4445433664798006,-0.3027934096254615,2.225909615822743,2.4999999999999996,0.2098503724226576,0.657617380516028,0.881781934972155,2.5007963267948967,0.07681948732324499,-0.2288353738178828,-0.24981305234094855,0.2198343276977539,2.5,2.2727272727272725
9.4,1.248260936168801,-0.08179904449821421,20.782784145684733,2.4547110189762336,-0.30311704271902734,2.2556168728847927,2.5,0.21682023853947763,0.648766827534208,0.8883139104456258,2.5107963267948965,0.06760315301208261,-0.24184101914237563,-0.254625225478544,0.15097570419311523,2.5,2.2727272727272725
9.5,1.189571930764345,0.15847259745592154,21.008345832973212,2.4626461081096656,-0.31797983425492843,2.25421776967683,2.5,0.21167743431419495,0.6398513984102718,0.8947570552683112,2.5207963267948967,0.09726816913194863,-0.24374465329688141,-0.26062043549678443,0.17638134956359863,2.5,2.2727272727272725
9.600000000000001,1.0794284313910325,0.381016480395008,21.233767609940895,2.46356651163889,-0.3347737451873105,2.248917768135847,2.499999999999998,0.3692019823237004,0.6308719846797022,0.9011107251310982,2.530796326794897,0.18110453117312592,-0.420099918640485,-0.2631674326323104,0.10350823402404785,2.5,2.2727272727272725
9.700000000000001,0.9234160182327495,0.5745945295583434,21.45865938675448,2.5045991561946184,-0.36971535665531596,2.1291437901182437,2.5,0.16881276269074788,0.6218294842763896,0.9073742846722953,2.5407963267948968,0.06740201777727509,-0.2087503120074219,-0.2627086917665332,0.21441912651062012,2.5,2.2727272727272725
9.8,0.72640296132347,0.7336005646288294,21.671573765766304,2.4784562138877306,-0.3501406306840218,2.2080944719149276,2.4999999999999987,0.18691795115232074,0.612724801442839,0.9135471075411676,2.5507963267948965,0.08817872773024168,-0.2255329943135862,-0.2667526801213358,0.18370270729064941,2.5,2.2727272727272725
9.9,0.5021061115236086,0.8447057392338113,21.892383212957796,2.4638808484800423,-0.3509950242400379,2.2494270211885827,2.4999999999999996,0.2201780384286295,0.6035588466397463,0.9196285764605727,2.5607963267948968,0.10287343122667339,-0.2698974034526696,-0.2734055526911994,0.16903948783874512,2.5,2.2727272727272725
10.0,0.2603797402643119,0.9039292553679673,22.117325915076655,2.4581266620937163,-0.3732138301592131,2.2062656232574724,2.5,0.17824455091475772,0.5943325364549538,0.9256180832886862,2.5707963267948966,0.10556622182333397,-0.22423266810760403,-0.2760882914647425,0.14025473594665527,2.5,2.2727272727272725
10.100000000000001,0.011824609439442635,0.9100201863159587,22.337952477402403,2.4398917909385056,-0.3684846195631824,2.25289677452991,2.4999999999976126,0.36150647369577016,0.5850467935117908,0.9315150290798169,2.580796326794897,0.13833679307521196,-0.42416260066279415,-0.2774482208997095,0.15829801559448242,2.5,2.2727272727272725
10.200000000000001,-0.23016295414173082,0.861744439449806,22.563242154855395,2.475413435367501,-0.3985305870537902,2.1388277014578567,2.499999999999959,0.22004262451243384,0.5757025463768143,0.9373188241442995,2.590796326794897,0.13884104256853763,-0.2839448085430576,-0.27567212826770426,0.14390254020690918,2.5,2.2727272727272725
10.3,-0.4598643181645025,0.7612344080388477,22.777124925001182,2.460720043014554,-0.3957916276943233,2.095777839130965,2.5,0.15614406303239092,0.5663007294669509,0.9430288881074638,2.600796326794897,0.08436496525683011,-0.1998686359168126,-0.26848467987283786,0.19585299491882324,2.5,2.2727272727272725
10.4,-0.6617657392509182,0.615105158435113,22.98670270891428,2.4355983438912934,-0.3559228368612251,2.192749034704023,2.5,0.2673225848195397,0.5568422829560563,0.9486446499676724,2.6107963267948966,0.09243444784065698,-0.3160939326835912,-0.26577967361068916,0.1769251823425293,2.5,2.2727272727272725
10.5,-0.8241356312587766,0.4301072618119084,23.205977612384682,2.450407199351324,-0.36184355875653157,2.1301358563954893,2.5,0.1744673509591678,0.5473281526808997,0.9541655481534187,2.620796326794897,0.0767178616810393,-0.2076201493843165,-0.25970419194427846,0.2498183250427246,2.5,2.2727272727272725
10.600000000000001,-0.9434475831247254,0.2130383322563374,23.41899119802423,2.439018018342832,-0.33185665154317756,2.2068830554895063,2.5,0.2656649135312868,0.5377592900465801,0.9595910305794851,2.630796326794897,0.09521177679541186,-0.3054714383751502,-0.2582148725753404,0.14573049545288086,2.5,2.2727272727272725
10.700000000000001,-1.0110427709407872,-0.02364767893540118,23.63967950357318,2.4578759050730628,-0.34181876406244754,2.144983780417004,2.5,0.177198530401925,0.5281366519313875,0.9649205547021499,2.640796326794897,0.05416438040679947,-0.1995196323588829,-0.25330089723674787,0.194838285446167,2.5,2.2727272727272725
10.8,-1.0260344602913827,-0.2713474762152017,23.85417788161488,2.450838129463808,-0.31123139305024966,2.2556885169774334,2.5,0.21430109252435514,0.518461200591114,0.9701535875734424,2.6507963267948966,0.07259891146516728,-0.24247830005437312,-0.25800790091175213,0.18767881393432617,2.5,2.2727272727272725
10.9,-0.9852315687500998,-0.5150067654089587,24.079746733312625,2.4568270939602277,-0.3254848862559157,2.2532538922571743,2.4999999999920077,0.27346839612028734,0.5087339035628309,0.975289605894436,2.660796326794897,0.06669475761928353,-0.3147953940389563,-0.2623729732416969,0.15893244743347168,2.5,2.2727272727272725
11.0,-0.8919073570367266,-0.7445933271151229,24.30507212253834,2.474035436324461,-0.35104165669772375,2.1872929220836137,2.5,0.1819197810337632,0.4989557335681351,0.9803280960675791,2.6707963267948966,0.08263882971890871,-0.21683027521280898,-0.2638430668905884,0.15035223960876465,2.5,2.2727272727272725
11.100000000000001,-0.7503647862228306,-0.9505217527796138,24.523801414746703,2.4600537498598682,-0.3419610723415791,2.251534241861397,2.5,0.2018647826530299,0.4891276684158775,0.9852685542480525,2.680796326794897,0.09393142953270567,-0.24299071683424248,-0.27014587818267977,0.14606785774230957,2.5,2.2727272727272725
11.200000000000001,-0.5681377815653499,-1.1192858989882457,24.748954838932843,2.452984656766796,-0.3568438296250262,2.2503133190730966,2.5,0.18293720230650892,0.4792506909043833,0.9901104863941557,2.6907963267948967,0.26129164338989685,-0.22169480543536998,-0.2757495216428547,0.10648036003112793,2.5,2.2727272727272725
11.3,-0.35404536216742155,-1.2442224765269683,24.973986170840153,2.4401318245293626,-0.358271668448265,2.318419138895719,2.5,0.3513220817227067,0.469325788723173,0.9948534083167087,2.700796326794897,0.15193530386051748,-0.4126823748471473,-0.2833598683652283,0.13659024238586426,2.5,2.2727272727272725
11.4,-0.11876456209699049,-1.3181749221468047,25.205828084729724,2.4726979374076143,-0.4033048330587382,2.210593174479238,2.5,0.38007168473897585,0.4593539543541938,0.9994968457274717,2.7107963267948967,0.18675161313859842,-0.4578980468354349,-0.2842103468470412,0.14428114891052246,2.5,2.2727272727272725
11.5,0.1307901111697781,-1.340341650164274,25.42688740217765,2.5004567673191347,-0.43191966156419725,2.0834009578765014,2.5,0.1404637496655077,0.44933618497257294,1.0040403342865734,2.720796326794897,0.1468952776592818,-0.20149711804790255,-0.2813042160855758,0.14551591873168945,2.5,2.2727272727272725
11.600000000000001,0.38261867063615895,-1.3091845798612851,25.6352274979653,2.4552269529946638,-0.3975848664609124,2.1768180566651205,2.499999999832787,0.3207372437070983,0.4392734823469004,1.0084834196489438,2.7307963267948967,0.16989185625513342,-0.389728295977928,-0.27854155754280085,0.1404118537902832,2.5,2.2727272727272725
11.700000000000001,0.6169397067163742,-1.2257832416358316,25.85290930363181,2.4723450631510437,-0.40809986307856716,2.0863439629376135,2.499999999985469,0.1474107216039601,0.4291668527390531,1.0128256575097494,2.740796326794897,0.08285600223215916,-0.1941885966138385,-0.2719535651172463,0.3180534839630127,2.5,2.2727272727272725
11.8,0.8296992581549766,-1.0934060178888232,26.061543699925572,2.440278809993445,-0.36480238271339016,2.2033766442693756,2.5,0.2928354702348313,0.41901730680356986,1.0170666136488224,2.7507963267948967,0.12179356974252095,-0.34738590759867105,-0.2702639554172127,0.20100784301757812,2.5,2.2727272727272725
11.9,1.0050387195333856,-0.9198073779952649,26.28188136435251,2.458980634254453,-0.3763006046371827,2.128288100696374,2.4999999999999996,0.16755207456067978,0.40882585948658606,1.0212058639740835,2.760796326794897,0.07090772219753605,-0.20657139546190073,-0.2653801900213104,0.20006012916564941,2.5,2.2727272727272725
12.0,1.14001207914186,-0.7108478813388821,26.49471017442215,2.4405326585742513,-0.34662757734345523,2.210264619331647,2.5,0.2756522427065814,0.3985935299243408,1.0252429945639492,2.7707963267948967,0.08797737835207567,-0.3222742465382087,-0.2644205005383301,0.172868013381958,2.5,2.2727272727272725
12.100000000000001,1.2245171677049707,-0.47928278604953206,26.715736636355313,2.4582965130994223,-0.35846866239946235,2.143640880897457,2.5,0.17893625401309032,0.3883213413412632,1.0291776017087246,2.780796326794897,0.06667223748017527,-0.21399717486335187,-0.2604241499580803,0.22192168235778809,2.5,2.2727272727272725
12.200000000000001,1.2573625452473092,-0.2330341384258474,26.930100724445058,2.4464254152226794,-0.3363045948447083,2.2027392131438255,2.5,0.24969197255836256,0.3780103209476515,1.0330092919509744,2.7907963267948968,0.07898512068842994,-0.29087288034610614,-0.25974872055539383,0.1474149227142334,2.5,2.2727272727272725
12.3,1.2351795311338816,0.012910763559240923,27.15037464575944,2.458144211722444,-0.345528153697454,2.1477513306028073,2.499999999999997,0.17612320217542124,0.3676614998369527,1.0367376821248675,2.800796326794897,0.06811214559057874,-0.20033030241044938,-0.2552784314410627,0.14270901679992676,2.5,2.2727272727272725
12.4,1.1601197143907511,0.24952152116909465,27.365149778819724,2.4496966849882003,-0.31595199598451196,2.2567741568332447,2.4999999999999982,0.23300889490273516,0.3572759128826537,1.040362399394493,2.8107963267948968,0.09811121336675033,-0.268286287358918,-0.26010669641629725,0.1389143466949463,2.5,2.2727272727272725
12.5,1.0345415721711158,0.46221502205417764,27.59082719450305,2.458827498513805,-0.33793670580083046,2.208579689819617,2.5,0.2008993334393334,0.34685459863479556,1.0438830812911448,2.8207963267948966,0.06503885193597282,-0.23761156945113024,-0.2620194302419272,0.2558748722076416,2.5,2.2727272727272725
12.600000000000001,0.8652344338828005,0.643696238080446,27.81168516348501,2.4543076654146203,-0.34150685747231324,2.2103696218922138,2.5,0.23080985029776338,0.33639859921611803,1.0472993757495674,2.830796326794897,0.06928168507244012,-0.27427355252658764,-0.2634496367947899,0.22981524467468262,2.5,2.2727272727272725
12.700000000000001,0.6608470860988227,0.783797424970376,28.03272212567423,2.457331754243828,-0.35285959831376884,2.163098462041422,2.5,0.18514595064837552,0.3259089602178504,1.0506109411431617,2.840796326794897,0.07904016827944142,-0.22090561549406137,-0.2611450443049381,0.1908266544342041,2.5,2.2727272727272725
12.8,0.43069437282431233,0.8768545098041116,28.249031971878374,2.4476527443021023,-0.3382643855330406,2.2045358428787627,2.4999999999748934,0.23024957943496877,0.3153867305951508,1.0538174463181476,2.850796326794897,0.06663284016496267,-0.27159371496439016,-0.2613053302768022,0.1895763874053955,2.5,2.2727272727272725
12.9,0.18686322414913567,0.9168624896061521,28.46948555616625,2.452895314238385,-0.34682352864207383,2.157517322127616,2.5,0.17758864582540526,0.30483296256221337,1.05691857062668,2.8607963267948966,0.07132724078263983,-0.2034506527360961,-0.2573696024830761,0.15703749656677246,2.5,2.2727272727272725
13.0,-0.060495727329998666,0.9033211104494006,28.685237288379014,2.4451329248698888,-0.3200386940461101,2.258077271681842,2.5,0.31881925485967344,0.2942487114870461,1.0599140039589123,2.870796326794897,0.09737742122551625,-0.35977751280464465,-0.25984339989765065,0.19331979751586914,2.5,2.2727272727272725
13.100000000000001,-0.29743936901647894,0.834993162111667,28.9110450155472,2.479057670084274,-0.3482707998707997,2.16915317413256,2.5,0.2125774982512439,0.2836350357859364,1.0628034467740075,2.8807963267948966,0.10139097747254058,-0.257553891556243,-0.2603449934434302,0.16286993026733398,2.5,2.2727272727272725
13.200000000000001,-0.5174759553154011,0.7156026452923645,29.127960332960456,2.4714307241539744,-0.3533333254894642,2.1289331066653983,2.5,0.17471621806859755,0.27299299681760997,1.065586610130092,2.890796326794897,0.05568681615649912,-0.20441274343278928,-0.2558287938953572,0.23299646377563477,2.5,2.2727272727272725
13.3,-0.706541442307284,0.5525615944479254,29.340853643626996,2.4580194680840237,-0.32519292526509125,2.217523941451217,2.5,0.20741700881011196,0.26232365877709546,1.068263215713149,2.9007963267948966,0.05899589793886657,-0.23995764275989184,-0.25810032047137066,0.3001396656036377,2.5,2.2727272727272725
13.4,-0.8537780261232539,0.3530685122936106,29.562606037772117,2.4581993874032566,-0.3317596904846262,2.2136834152668396,2.5,0.24851387686680138,0.25162808858930535,1.0708329958648515,2.910796326794897,0.07766292370152955,-0.28919172720345676,-0.25956042849190525,0.1666724681854248,2.5,2.2727272727272725
13.5,-0.9541685659385594,0.12624296981615146,29.7839743792988,2.4677497078345443,-0.34596496607247135,2.159046858559557,2.5,0.18711173040776383,0.24090735580234568,1.073295693609325,2.9207963267948966,0.09164284582260096,-0.2206120009086668,-0.2576537043178765,0.2014477252960205,2.5,2.2727272727272725
13.600000000000001,-1.0037827092496836,-0.11795621234090098,29.999879065154758,2.4581993684773082,-0.33255668478188,2.1999254376419595,2.5,0.23041153769837605,0.23016253248056096,1.075651062678848,2.930796326794897,0.07589089163850055,-0.26989841839216633,-0.2582638086907038,0.22174406051635742,2.5,2.2727272727272725
13.700000000000001,-0.9987522725148896,-0.3659644290273866,30.219871608918954,2.4627547060578734,-0.34211474620310756,2.1528110333310875,2.4999999999992975,0.18226724559370044,0.21939469309733015,1.0778988675384757,2.9407963267948967,0.04043135302541865,-0.20928037228898264,-0.25485222961712545,0.2997751235961914,2.5,2.2727272727272725
13.8,-0.9404448744628382,-0.6076714412347237,30.435152712252062,2.4549681531507206,-0.31998047160935267,2.23046052229883,2.4995926692137744,0.321369113419855,0.2086049144276177,1.0800388834095958,2.950796326794897,0.1555793164378858,-0.3616914689995515,-0.25562376524423397,0.13152289390563965,2.5,2.2727272727272725
13.9,-0.8304435031349855,-0.8294647225981318,30.658198764481945,2.4883709762046395,-0.3437265481918574,2.1397744850807063,2.5,0.17461156145999637,0.19779427544029932,1.0820708962924044,2.9607963267948967,0.06647245055062008,-0.19976407824588174,-0.25335562267534656,0.22288727760314941,2.5,2.2727272727272725
14.0,-0.6733117399891813,-1.0254519404522207,30.872176212990016,2.473670505180517,-0.31810178194837635,2.249996647759181,2.5,0.2091968685548966,0.1869638571902649,1.0839947029873063,2.970796326794897,0.09689005693284547,-0.24118597914083242,-0.26003587393442174,0.2050182819366455,2.5,2.2727272727272725
14.100000000000001,-0.4780782969973736,-1.1806493884220641,31.097175877765935,2.47175852640523,-0.33509449394272384,2.251126938214287,2.5,0.3048775703167189,0.17611474271031416,1.0858101111152354,2.9807963267948967,0.10972934949310509,-0.35270644683512137,-0.2651069343441246,0.22410869598388672,2.5,2.2727272727272725
14.200000000000001,-0.25385447042816467,-1.2899309556049068,31.322288571587364,2.492637397063041,-0.3659699192882175,2.169001762575254,2.492875891811167,0.17129675355955198,0.16524801690285418,1.087516939136892,2.990796326794897,0.08958282921531559,-0.2110043828696655,-0.26733530132450756,0.16420459747314453,2.5,2.2727272727272725
14.3,-0.009104575429104256,-1.3496740777911407,31.53918874784489,2.467606151834549,-0.3537148835604538,2.2483341923100886,2.4999999999999347,0.011867614586081682,0.15436476643141017,1.0891150163708958,3.0007963267948967,0.11742096138175673,-0.056907658280228104,-0.2804482451698819,0.2178640365600586,2.5,2.2727272727272725
14.4,0.24013276002648673,-1.3544379007555456,31.764022167075897,2.3984214514611875,-0.3659559903787878,2.2674804553029397,2.499999999999997,0.40168997360303466,0.14346607961195987,1.0906041830108553,3.010796326794897,0.14043129194382914,-0.464074929958012,-0.27814986266661995,0.13125085830688477,2.5,2.2727272727272725
14.5,0.4780731974343073,-1.3070265023010799,31.99077021260619,2.453482867797625,-0.3954511699023089,2.129721018881634,2.4999999999997193,0.26229056766242725,0.13255304630410306,1.0919842901413475,3.0207963267948967,0.15725833168779385,-0.3248023603592783,-0.27213055006016285,0.1360771656036377,2.5,2.2727272727272725
14.600000000000001,0.7054892690664154,-1.2068190750965282,32.203742314494356,2.4565434920496614,-0.3890544376224765,2.0690393926939272,2.499999999999999,0.15049288006688125,0.12162675780207631,1.0932551997528095,3.030796326794897,0.06453488569140671,-0.18402836445445303,-0.2612917267045469,0.1778256893157959,2.5,2.2727272727272725
14.700000000000001,0.9063494008807121,-1.0601394913597444,32.41064625376375,2.4342627643538606,-0.3335610661556634,2.2150568830361084,2.5,0.20523733803643007,0.11068830672562467,1.0944167847553392,3.0407963267948968,0.06430781192067522,-0.23926411549971502,-0.261269165945716,0.21510696411132812,2.5,2.2727272727272725
14.8,1.0669255752275322,-0.8741710151604549,32.63215194206736,2.436971649278765,-0.33457444097701344,2.2126286588200093,2.4999999999984817,0.2784120591508879,0.09973878691074041,1.0954689289914041,3.050796326794897,0.09838099386523572,-0.32011722136359627,-0.2598723106652986,0.13162016868591309,2.5,2.2727272727272725
14.9,1.1829105506588278,-0.6572489226165252,32.85341480794936,2.459097068255143,-0.34652604897716954,2.1448250579897765,2.5,0.17514818116571756,0.08877929330028046,1.096411527247458,3.0607963267948968,0.0680443413548665,-0.19935701884336213,-0.2552302304303713,0.1742265224456787,2.5,2.2727272727272725
15.0,1.2499404415288258,-0.41812681852080624,33.06789731374834,2.4500880308953663,-0.3159490298854331,2.2566272989146468,2.5,0.23233726116500272,0.0778109218344732,1.09724448526446,3.0707963267948966,0.09808566666494886,-0.2676057384660876,-0.2600998464838091,0.1683347225189209,2.5,2.2727272727272725
15.100000000000001,1.2615646871658783,-0.17136290624919334,33.29356004363981,2.458943164802443,-0.33793238488888633,2.208698808238036,2.5,0.25772013346886796,0.06683476934132425,1.097967719747303,3.080796326794897,0.10042589967030036,-0.3011152657740196,-0.2610536705122878,0.16083669662475586,2.5,2.2727272727272725
15.200000000000001,1.2195084040281903,0.07325366492597471,33.51442992446361,2.469745478151454,-0.3517404701690461,2.150001869733105,2.5,0.1829534960713452,0.05585193342693686,1.0985811583731413,3.090796326794897,0.09357385283655881,-0.21756141537748538,-0.25863152108565207,0.16969609260559082,2.5,2.2727272727272725
15.3,1.125532577732382,0.30434279258901087,33.729430111436926,2.4577238174731,-0.3351493450026857,2.1988978497398355,2.5,0.19549982131934598,0.0448635123657499,1.0990847397986236,3.100796326794897,0.03349765198776882,-0.22719655781830037,-0.25923176775079937,0.26392507553100586,2.5,2.2727272727272725
15.4,0.9840089414313377,0.5080542916076782,33.94931989641091,2.4536984141441978,-0.33131108576719825,2.2292542829963082,2.5,0.28342568694001113,0.03387060499071273,1.099478413666027,3.1107963267948966,0.09962294225440604,-0.32610964866028924,-0.2608667071617632,0.14365291595458984,2.5,2.2727272727272725
15.5,0.8015700517478789,0.6754462895117795,34.172245324710545,2.4739049754026383,-0.3511309197085041,2.1585532751835506,2.5,0.18518170655604868,0.022874310583401673,1.0997621406082927,3.120796326794897,0.09584182501084992,-0.2214663527154787,-0.2597347116447093,0.17168879508972168,2.5,2.2727272727272725
15.600000000000001,0.5855103340082557,0.8009579856649551,34.3881006522289,2.461219451783047,-0.3392155629625738,2.197255305601676,2.5,0.19888752774657048,0.011875728764093887,1.099935892252963,3.130796326794897,0.07826495942340608,-0.23523844158111604,-0.26082548356115515,0.19191288948059082,2.5,2.2727272727272725
15.700000000000001,0.34863161105125506,0.8758923201864088,34.60782618278907,2.4557996145892944,-0.3398288041627073,2.2029449771972494,2.4999999999999982,0.24545192503967175,0.0008759593818063455,1.099999651225018,3.140796326794897,0.08149150851095416,-0.28854312233114127,-0.2612683773976587,0.21459102630615234,2.5,2.2727272727272725
15.8,0.10165348462271662,0.8974830287760939,34.828120680508796,2.463454559279413,-0.3506770734108767,2.1496492663421694,2.4999999999978617,0.17891050671954553,-0.010123897595689171,1.0999534111486142,-3.1323889803846896,0.07374236021065902,-0.20939405905150946,-0.2579424945880614,0.2610208988189697,2.5,2.2727272727272725
15.9,-0.1451015174891213,0.8654237604236764,35.04308560714301,2.452581939034738,-0.3280028263998569,2.226664175266812,2.4999999999999494,0.26675213310227847,-0.021122742191861915,1.09979717664772,-3.12238898038469,0.07733053232608714,-0.30704354187171023,-0.25956320667969074,0.24245047569274902,2.5,2.2727272727272725
16.0,-0.3773186974772212,0.7799683829660154,35.265752024669695,2.469076867092866,-0.34562145291884205,2.163955323069331,2.5,0.18559304048620537,-0.0321194745314177,1.0995309633456558,-3.1123889803846896,0.05914428320258369,-0.21818978542420392,-0.25818180855787143,0.29955291748046875,2.5,2.2727272727272725
16.1,-0.5873306137185532,0.645607143466105,35.48214755697663,2.45897244985941,-0.332035873545492,2.2146761729578173,2.5,0.2878356814338432,-0.043112994950286726,1.0991547978635297,-3.1023889803846894,0.08402323769344153,-0.33063149845727713,-0.2588503405824924,0.14638113975524902,2.5,2.2727272727272725
16.2,-0.7619026984760567,0.4692764299522476,35.70361517427241,2.4796675546590876,-0.3497349356742697,2.141669925914303,2.499999999999993,0.17280416197768428,-0.054102204105587616,1.0986687178175765,-3.0923889803846896,0.07000903877968409,-0.1997758319405453,-0.25609416400394736,0.16627264022827148,2.5,2.2727272727272725
16.3,-0.8959433724073728,0.25774923359055213,35.91778216686384,2.4648734606911136,-0.32266147561787895,2.252581746933805,2.5,0.2094512091408082,-0.0650860030855632,1.0980727718153958,-3.08238898038469,0.10071403609266269,-0.2433806741648965,-0.26231251148320733,0.17857575416564941,2.5,2.2727272727272725
16.400000000000002,-0.9790083662219777,0.02344745627494446,36.14304034155722,2.4635997753013403,-0.33931545846607547,2.248458892886523,2.5,0.3110478479292572,-0.07606329351946864,1.0973670194510912,-3.0723889803846895,0.11172551625075175,-0.36019984367277097,-0.26624688326054063,0.1403026580810547,2.5,2.2727272727272725
16.5,-1.0093087570727635,-0.22338543182240408,36.36788623084587,2.4870741836246717,-0.36833945202721985,2.163174927255321,2.499999999999998,0.1793302712722039,-0.0870329776874075,1.0965515312993108,-3.0623889803846898,0.09217129454719952,-0.22460004923544633,-0.26757842628871314,0.2118842601776123,2.5,2.2727272727272725
16.6,-0.9860760273514352,-0.4737299139613482,36.5842037235714,2.465588560955221,-0.36137035237352333,2.1955451619744886,2.5,0.2267491421092595,-0.09799395863010511,1.0956263889081905,-3.0523889803846895,0.08012884053872697,-0.2781476408234432,-0.2692515955660708,0.2015979290008545,2.5,2.2727272727272725
16.7,-0.9099724018449555,-0.7110174884772666,36.80375823976885,2.460996441065314,-0.3710856628860378,2.1498648783655714,2.5,0.21731337031483414,-0.10894514025860082,1.0945916847911983,-3.0423889803846897,0.11672941326586131,-0.2695413072548199,-0.2665214545536222,0.15555858612060547,2.5,2.2727272727272725
16.8,-0.78506099492709,-0.9262829546885392,37.0187447276054,2.454105679848041,-0.36799642963178697,2.107869188683862,2.4999999999999476,0.15205271257567607,-0.11988542746385848,1.0934475224178837,-3.0323889803846895,0.19691055112398564,-0.17157648875948164,-0.25789160024368063,0.11489534378051758,2.5,2.2727272727272725
16.900000000000002,-0.6174429577263155,-1.1092713537902346,37.22953164647379,2.4375998733371906,-0.3110367997317546,2.316563467808444,2.5,0.3235239707080715,-0.13081372622627394,1.0921940162035304,-3.0223889803846893,0.10729550578837779,-0.36365262183705177,-0.26487446349026,0.16710925102233887,2.5,2.2727272727272725
17.0,-0.41414274506428744,-1.2473126297347243,37.46118799325463,2.4747112930253463,-0.35242025099097996,2.225290939419754,2.4999999999978475,0.28251810172452985,-0.14172894372507736,1.0908312914977154,-3.0123889803846895,0.11731453212250807,-0.3350045161967917,-0.26867285897938753,0.14136528968811035,2.5,2.2727272727272725
17.1,-0.18194906239208328,-1.3398872153318364,37.683717087196605,2.48542551795143,-0.37559594842551,2.1546337715396007,2.5,0.1732239697046237,-0.15262998844761555,1.089359484571774,-3.0023889803846897,0.07757063554417087,-0.21901822589350062,-0.2691844818977204,0.20259928703308105,2.5,2.2727272727272725
17.2,0.06598583992339682,-1.381268460255005,37.899180464350565,2.4615610533339645,-0.3633829705341773,2.203471223812364,2.5,0.2751252172353848,-0.16351577029850003,1.0877787426051717,-2.99238898038469,0.12058757748446274,-0.3296253131055254,-0.2700061676775686,0.1630408763885498,2.5,2.2727272727272725
17.3,0.314453604307671,-1.3679616917694026,38.1195275867318,2.471131083663642,-0.3777869491155793,2.1366212427825166,2.5,0.16859483565785255,-0.1743852007086178,1.0860892236707882,-2.9823889803846897,0.07396348923910362,-0.2108087132852664,-0.267273862389315,0.18348240852355957,2.5,2.2727272727272725
17.400000000000002,0.5554669371333407,-1.301593841751717,38.33318971101005,2.4495554178099264,-0.3544842540266656,2.2073298844534377,2.5,0.28063234146346283,-0.18523719274398495,1.0842910967191088,-2.9723889803846895,0.11355029778718599,-0.3311673307502803,-0.2669532930770774,0.18477654457092285,2.5,2.2727272727272725
17.5,0.7738084982389397,-1.1850315364951804,38.55392269945539,2.4651283742725036,-0.3678226877184787,2.1380697956856296,2.5,0.16995605224505056,-0.1960706612144413,1.0823845415613307,-2.9623889803846897,0.04016494882169287,-0.2057182664877663,-0.2632479441726486,0.30957984924316406,2.5,2.2727272727272725
17.6,0.9633602293761265,-1.023193174122923,38.76772967902395,2.4478980355487594,-0.3407436284452849,2.226205021449404,2.5,0.19537033638095197,-0.20688452278216837,1.0803697488513804,-2.9523889803846894,0.08537560481348044,-0.23029876629686913,-0.26569780519111236,0.13968968391418457,2.5,2.2727272727272725
17.7,1.111053832074596,-0.8250273096314773,38.99035018116889,2.4435616690695374,-0.34184591600819003,2.255200648850682,2.4999999999999982,0.33053017885541985,-0.21767769607001994,1.07824692006685,-2.9423889803846897,0.09403040706227653,-0.38078395870898635,-0.2678699930515,0.16123199462890625,2.5,2.2727272727272725
17.8,1.2113366907948406,-0.5995902433462958,39.21587024605396,2.475948099211224,-0.3701276503473616,2.1596645301449917,2.499999999999999,0.21430331132694547,-0.22844910176966246,1.0760162674888492,-2.9323889803846894,0.11726362848080081,-0.26753928159285234,-0.2676191021955507,0.17835736274719238,2.5,2.2727272727272725
17.900000000000002,1.2616684273915748,-0.35435596563098487,39.43183669906846,2.464944296164716,-0.3722976681243454,2.118799336267151,2.499999999999995,0.16646785285241392,-0.23919766274950136,1.0736780141807767,-2.9223889803846896,0.06535279874555636,-0.20233089587691216,-0.2621596322326087,0.2171921730041504,2.5,2.2727272727272725
18.0,1.2586708846989108,-0.10508387712795256,39.643716632695174,2.4465305357574127,-0.33942760635662816,2.2128907957008277,2.5,0.2754982470577645,-0.24992230416239583,1.0712323939660147,-2.91238898038469,0.10226299345571963,-0.31971580665342897,-0.2618874536577919,0.16150999069213867,2.5,2.2727272727272725
18.1,1.2009312994322519,0.13506892405649892,39.86500571226526,2.464617140415335,-0.3531167310034807,2.146203789277797,2.4999999999447367,0.1817259319220036,-0.26062195355314244,1.068679651404547,-2.9023889803846896,0.09352401021813672,-0.21579800139130684,-0.25860453664444416,0.2574012279510498,2.5,2.2727272727272725
18.2,1.0920088209676047,0.35895770097610014,40.079626091193035,2.4532599183963697,-0.3337755238065098,2.199749565750885,2.4999999999999996,0.2588944011163502,-0.27129554096571745,1.066020041768502,-2.89238898038469,0.09887489486539475,-0.29976861589532955,-0.2580224665910179,0.1386253833770752,2.5,2.2727272727272725
18.3,0.9373906611276349,0.5523281431918801,40.29960104776812,2.4669100348311503,-0.3443212959669361,2.140626924543108,2.5,0.1818431490897737,-0.281941999050275,1.0632538310166273,-2.8823889803846896,0.06600942287229435,-0.2102316811153484,-0.25398564915938626,0.21770858764648438,2.5,2.2727272727272725
18.400000000000002,0.7436771022184984,0.7089074516678925,40.513663740222434,2.4578111528191653,-0.32123093660753865,2.211031799215482,2.5,0.20843559752312732,-0.2925602631698787,1.060381295767693,-2.8723889803846894,0.06854619682148437,-0.2388982508882156,-0.2554770325570709,0.22784805297851562,2.5,2.2727272727272725
18.5,0.5212423816521395,0.8182831567496253,40.73476692014398,2.4595395245064413,-0.32603652297910535,2.2079602404761776,2.5,0.20599170198896496,-0.30314927150696425,1.05740272327283,-2.8623889803846896,0.07121621430475264,-0.23818429298118451,-0.2570020765696618,0.26207923889160156,2.5,2.2727272727272725
18.6,0.28011477631655723,0.8767110851262538,40.9555629441916,2.4591656959847916,-0.3301344583222842,2.206649516317594,2.4999999999998086,0.19811268043794436,-0.3137079651695232,1.0543184113868056,-2.8523889803846894,0.0322183947741181,-0.22854639319498526,-0.25832614757816935,0.32941317558288574,2.5,2.2727272727272725
18.7,0.032035005528990496,0.8813234743974957,41.17622789582336,2.4564809917559827,-0.3289020466407287,2.234603588335519,2.499898448495944,0.3362371752076125,-0.32423528829698717,1.0511286685382384,-2.8423889803846896,0.08271882125247844,-0.3813909035384707,-0.25945478782142944,0.15993428230285645,2.5,2.2727272727272725
18.8,-0.2107448311347039,0.8314967235403605,41.39968825465691,2.4915909412012014,-0.3554115529842505,2.1353359984687335,2.5,0.17460459743614531,-0.3347301881658168,1.047833813698755,-2.83238898038469,0.059160723584988584,-0.20811174772361657,-0.257751755394159,0.23380804061889648,2.5,2.2727272727272725
18.900000000000002,-0.44082889745051423,0.7294930455170291,41.613221854503784,2.4728835925242314,-0.3346674737687401,2.2140095686642662,2.5,0.2554259661910148,-0.345191615294771,1.0444341763510934,-2.8223889803846895,0.10610075321651588,-0.298660483908633,-0.2605856599886015,0.17334866523742676,2.5,2.2727272727272725
19.0,-0.6412837242024504,0.5808679526370101,41.83462281137021,2.4806164132897432,-0.3525158582034381,2.156179478351019,2.5,0.18090647196263376,-0.35561852354985396,1.040930096456156,-2.8123889803846898,0.061883835352798136,-0.21605729104992455,-0.259830200329344,0.2037954330444336,2.5,2.2727272727272725
19.1,-0.8061257891846462,0.39217681396304016,42.05024075920531,2.4654855418251933,-0.3383545943562529,2.212935693753185,2.4999999935332857,0.23486436382849785,-0.36600987024892995,1.0373219244190117,-2.8023889803846895,0.052808051312411675,-0.27811794045409743,-0.262428924981863,0.22812461853027344,2.5,2.2727272727272725
19.200000000000003,-0.9249206300425081,0.1735016812426831,42.27153432858063,2.4679787408392055,-0.35290335058416594,2.163980143983978,2.5,0.17638572897092808,-0.37636461626598844,1.0336100210538575,-2.7923889803846897,0.077328674720094,-0.20741054900092978,-0.26092577408736833,0.17176580429077148,2.5,2.2727272727272725
19.3,-0.9942966052359462,-0.0659593228202697,42.48793234297903,2.454690585571275,-0.3324949067181417,2.253905462258944,2.4999999999999605,0.31780001036704153,-0.3866817261350561,1.0297947575479367,-2.7823889803846895,0.1068670317050339,-0.36422418312634847,-0.2642002217623229,0.13431882858276367,2.5,2.2727272727272725
19.400000000000002,-1.0087057134661521,-0.3132505781021089,42.713322889204925,2.4834122000024133,-0.3615967429166993,2.165173141998426,2.4999999999999996,0.17297481434392592,-0.3969601681537444,1.0258765154244205,-2.7723889803846893,0.0844781945863037,-0.20929410974087295,-0.2647344690801888,0.14429163932800293,2.5,2.2727272727272725
19.5,-0.9694088313303088,-0.5611147317235827,42.929840203404765,2.463651848902918,-0.34544160838018223,2.2504761264183952,2.499999999999782,0.3207041411683051,-0.4071989144864158,1.0218556865042563,-2.7623889803846895,0.11756617043312492,-0.3729998241574636,-0.26875209722855425,0.19284582138061523,2.5,2.2727272727272725
19.6,-0.8773566215801256,-0.7922326541228177,43.1548878160466,2.4883561984552185,-0.37586736799759135,2.1598515892157732,2.499999999998159,0.2094366815395292,-0.4173969412669702,1.017732672866985,-2.7523889803846897,0.12241231969136282,-0.26568053270416064,-0.27002345703201547,0.21096515655517578,2.5,2.2727272727272725
19.700000000000003,-0.7366189735886692,-1.00085873812238,43.37087297496818,2.4720993916339054,-0.3803660072175774,2.1208126900624467,2.499999999999995,0.16669080273747458,-0.42755322870122775,1.0135078868105347,-2.7423889803846895,0.10904940677988267,-0.20904670958238533,-0.2659480370452723,0.1486678123474121,2.5,2.2727272727272725
19.8,-0.5560300417054571,-1.1739112581760165,43.58295424397443,2.4497919846688014,-0.35316840757513757,2.192605968710706,2.4999999999999423,0.2601782505713694,-0.4376667611689078,1.0091817508099907,-2.7323889803846897,0.10936029732745622,-0.3084194978353049,-0.2647259388546108,0.18045425415039062,2.5,2.2727272727272725
19.900000000000002,-0.3440582680683654,-1.3017003582734512,43.8022148408455,2.460247703455631,-0.3613360806574424,2.1329450240370744,2.499999999999999,0.17340473063257553,-0.44773652732519237,1.0047546974753476,-2.7223889803846895,0.061679431765140555,-0.2065414407967713,-0.2598320618888292,0.2291250228881836,2.5,2.2727272727272725
