time,x,y,yaw,vx,vy,r,delta,Fx,Delta_delta,target_x,target_y,target_yaw,cost,alpha_f,alpha_r,runtime,vx_goal,r_goal
0,0.6,0.0,1.5707963267948966,0.0,0.0,0.0,0.0,5.0,-0.698,0.6,0.0,1.5707963267948966,164.3990012812831,-0.0349,0.0,0.10091733932495117,2.5,4.166666666666667
0.05,0.6,0.0,1.5707963267948966,0.10638297872340424,0.0,0.0,-0.0349,4.99999999988335,0.6979999999948354,0.599992500015625,0.0029999875000156252,1.5757963267948967,158.04905452538992,-0.017460498092700307,-6.290026343347936e-05,0.11310505867004395,2.5,4.166666666666667
0.1,0.6,0.005319148936170212,1.5707963267948966,0.21050559034214142,0.0020552123160181416,0.014251615430722632,-2.582309366339075e-13,5.0,0.698,0.5999700002499991,0.005999900000499999,1.5807963267948966,151.3679446235604,0.0008868126378968264,-0.0003968258038161657,0.11745810508728027,2.5,4.166666666666667
0.15000000000000002,0.599897239384199,0.015844428453277284,1.5715089075664328,0.31240979994307944,0.005981270065934621,0.04088007949082096,0.03489999999974177,5.0,0.698,0.5999325012656155,0.008999662503796855,1.5857963267948967,144.41903800336462,0.01964659422146206,-0.0010017025599784307,0.11501812934875488,2.5,4.166666666666667
0.2,0.5995870450969583,0.031464701377728846,1.5735529115409739,0.41214645193789123,0.011716385185834649,0.078891240171394,0.06979999999974176,4.999999999798861,0.6979999999907367,0.5998800039999467,0.01199920001599985,1.5907963267948966,137.26346567642548,0.03873210553318501,-0.0018536252699424879,0.11610984802246094,2.5,4.166666666666667
0.25,0.5989444223042292,0.05207033082124023,1.5774974735495435,0.50976616335045,0.019193408365087768,0.12736245003293,0.10469999999927859,5.0,0.698,0.5998125097654216,0.014998437548827398,1.5957963267948967,129.95963683852221,0.05812555242032126,-0.0029260218598085802,0.11961245536804199,2.5,4.166666666666667
0.30000000000000004,0.5978139738178224,0.07755163586579883,1.58386559605119,0.6053194643309315,0.028340035163161907,0.18543308293995356,0.13959999999927858,4.999999999936504,0.6979999999963108,0.5997300202493925,0.0179973001214974,1.6007963267948966,122.56285479295545,0.07782771089776518,-0.004192823653583387,0.13872480392456055,2.5,4.166666666666667
0.35000000000000003,0.596001550181124,0.10779650566694816,1.5931372501981877,0.6988569353725119,0.03907977296563225,0.25230019476380317,0.17449999999909413,4.999999999807451,0.6979999999857583,0.5996325375140932,0.020995712762601718,1.6057963267948967,115.12505162088833,0.0978451631155092,-0.005629201371894605,0.1250472068786621,2.5,4.166666666666667
0.4,0.593267458621844,0.1426869822369054,1.6057522599363778,0.7904292960436137,0.05133291043803458,0.32721508767076174,0.20939999999838205,4.999999999957668,0.6979999999975143,0.5995200639965867,0.0239936005119805,1.6107963267948966,107.69462584564315,0.11818606534251427,-0.007211743267774983,0.13540959358215332,2.5,4.166666666666667
0.45,0.5893211527044614,0.1820946022989129,1.6221130143199158,0.8800874462819324,0.06501739833612344,0.4094802036882435,0.24429999999825777,4.999999999976573,0.6979999999988232,0.5993926025087054,0.026990888422596143,1.6157963267948967,100.31636546419152,0.13885851395120363,-0.008918465874634275,0.15059256553649902,2.5,4.166666666666667
0.5,0.5838173946252104,0.22587429605045378,1.642587024504328,0.967882466755533,0.0800496275353853,0.49844620265679696,0.27919999999819894,5.0,0.698,0.5992501562369797,0.029987501562406996,1.6207963267948966,93.03144015168604,0.1598698678191737,-0.010728766566077156,0.1409766674041748,2.5,4.166666666666667
0.55,0.576353958697373,0.2738566694281264,1.6675093346371677,1.0538655857362478,0.09634510586161944,0.5935091719463675,0.31409999999819893,4.999999999998036,0.6979999999999073,0.599092728742559,0.03298336501624064,1.6257963267948967,85.87744842877582,0.18122647289850527,-0.012623354930854598,0.14436674118041992,2.5,4.166666666666667
0.6000000000000001,0.5664710298293122,0.32583854461117057,1.6971847932344861,1.138088119702224,0.11381903972588324,0.6941079446114917,0.3489999999981943,5.0,0.698,0.5989203239611225,0.035978403887666766,1.6307963267948966,78.88850748741122,0.2029335726656221,-0.014584177312278726,0.13284635543823242,2.5,4.166666666666667
0.65,0.5536525429508661,0.3815717012522201,1.7318901904650608,1.2206013944117433,0.13238682814694366,0.7997215156500052,0.3838999999981943,5.0,0.698,0.5987329462027806,0.03897254330086956,1.6357963267948967,72.09537522119575,0.22499530994064118,-0.016594340642264335,0.15627574920654297,2.5,4.166666666666667
0.7000000000000001,0.5373298046785142,0.4407498501423219,1.7718762662475611,1.301456652409328,0.15196447738093305,0.9098665532821287,0.4187999999981943,5.0,0.698,0.5985306001519677,0.04196570840251966,1.6407963267948966,65.52559567687254,0.2474147747847514,-0.018638038365257556,0.14606475830078125,2.5,4.166666666666667
0.75,0.5168878314999248,0.5029939846754746,1.8173695939116676,1.3807049520614507,0.17246894458684292,1.0240950066468164,0.45369999999819427,4.999999999999343,0.6979999999999658,0.5983132908673244,0.04495782436364541,1.6457963267948967,59.2036606620222,0.27019407505711035,-0.020700479765527635,0.1463174819946289,2.5,4.166666666666667
0.8,0.4916749219371246,0.5678363970697775,1.8685743442440084,1.4583970622956284,0.1938184188839735,1.1419918139147514,0.48859999999819254,5.0,0.698,0.5980810237815717,0.047948816381503626,1.6507963267948966,53.1511815890036,0.2933344167861559,-0.02276782329870027,0.15824532508850098,2.5,4.166666666666667
0.8500000000000001,0.4610160439217935,0.6347038190768286,1.925673934939746,1.5345833563164497,0.21593254785861765,1.2631727159254809,0.5234999999981925,5.0,0.698,0.5978338047013743,0.05093860968144962,1.6557963267948967,47.387066810710714,0.31683618703470173,-0.024827114159712015,0.16492748260498047,2.5,4.166666666666667
0.9,0.42423065111513847,0.7029003529537825,1.9888325707360202,1.6093137067398122,0.2387326170890322,1.3872821803373636,0.5583999999981926,4.999999999999928,0.6979999999999905,0.5975716398071965,0.053927129518806634,1.6607963267948966,41.92770071027076,0.34069903504018745,-0.026866226114816386,0.15886902809143066,2.5,4.166666666666667
0.9500000000000001,0.38065552894772153,0.771591097606914,2.0581966797528883,1.6826373838635609,0.26214168962245554,1.5139914402176622,0.593299999998192,4.999999999999894,0.6979999999999784,0.5972945356531472,0.056914301180734386,1.6657963267948965,36.787121652989235,0.3649219492636128,-0.028873807504528396,0.1654980182647705,2.5,4.166666666666667
1.0,0.3296731964422044,0.8397876433393058,2.1338962517637716,1.7546029581984506,0.2860847116047927,1.6429966493040824,0.628199999998191,4.999999999999968,0.698,0.5970024991668155,0.05990004998809689,1.6707963267948966,31.97719660558448,0.38950332913690566,-0.03083923124984478,0.17145299911499023,2.5,4.166666666666667
1.05,0.2707462355307452,0.9063368979224432,2.2160460842289758,1.825258207925587,0.3104885894848963,1.7740171541495775,0.663099999998191,5.0,0.698,0.5966955376490984,0.0628843012973295,1.6757963267948965,27.507790790902096,0.41444105103526907,-0.032752548647460154,0.1694958209991455,2.5,4.166666666666667
1.1,0.20345766712886296,0.969915001754858,2.304746941936455,1.894650031616544,0.335282243439844,1.9067938812977978,0.6979999999981911,4.99999999999998,0.698,0.596373658774018,0.0658669805023049,1.6807963267948967,23.3869311930001,0.43973252846698213,-0.03460444671166552,0.18297219276428223,2.5,4.166666666666667
1.1500000000000001,0.12755712525344995,1.0290283678888825,2.400086636001345,1.9628243663335982,0.36039664093569074,2.0410878357499325,0.7328999999981911,5.0,0.698,0.5960368705885295,0.0688480130361983,1.6857963267948965,19.62096307619325,0.4653747667551802,-0.036386208805998126,0.19872331619262695,2.5,4.166666666666667
1.2000000000000002,0.043012082907208496,1.0820241120043188,2.5021410277888414,2.0298261110973983,0.3857648136787032,2.1766787054260694,0.7677999999981912,5.0,0.6979999999999934,0.5956851815123198,0.07182732437335163,1.6907963267948967,16.213879819562646,0.49136441264058767,-0.038089678303273214,0.19337916374206543,2.5,4.166666666666667
1.25,-0.049937251309425376,1.1271122767551476,2.610974963060145,2.0956990556442032,0.41132186064190007,2.3133635651767674,0.8026999999981909,5.0,0.6979999999999908,0.5953186003375974,0.07480484003113662,1.6957963267948966,13.164427014271745,0.5176977993005523,-0.03970722501603494,0.18556904792785645,2.5,4.166666666666667
1.3,-0.15072151612299875,1.1624022537764254,2.7266431413189833,2.160485814372498,0.4370049393764725,2.4509556731812125,0.8375999999981905,5.0,0.6979999999999987,0.5949371362288728,0.07778048557181691,1.7007963267948967,10.472782009506451,0.5443709872872906,-0.041231714148818446,0.22051668167114258,2.5,4.166666666666667
1.35,-0.25838729641625957,1.1859556066524783,2.849190924978044,2.224227765380756,0.4627532474342836,2.5892833522484877,0.8724999999981904,5.0,0.6979999999999938,0.5945407987227287,0.08075418660440899,1.7057963267948966,8.134697606106545,0.571379801859051,-0.042656477537301375,0.20096635818481445,2.5,4.166666666666667
1.4000000000000001,-0.3715477399987941,1.195857036294613,2.9786550925904685,2.2869649945103876,0.48850799542705825,2.72818894855869,0.9073999999981901,5.0,0.6979999999999976,0.5941295977275822,0.0837258687865419,1.7107963267948967,6.1445532050118965,0.5987198671282868,-0.0439752869560253,0.17312908172607422,2.5,4.166666666666667
1.4500000000000002,-0.48834367780761423,1.1903044440496915,3.115064540018403,2.3487362443208344,0.5142123730175935,2.8675278606664474,0.94229999999819,4.999999999999989,0.698,0.5937035435234368,0.08669545782631585,1.7157963267948966,4.488698016335343,0.6263866373926514,-0.04518232929469493,0.1887805461883545,2.5,4.166666666666667
1.5,-0.6064211441244516,1.1677178833758537,3.2584409330517254,2.409578867931745,0.5398115089646828,3.0071676320632785,0.9771999999981901,4.999999999999999,0.698,0.5932626467616253,0.08966287948415955,1.7207963267948967,3.151645911342327,0.6543754259556722,-0.04627218342212434,0.29201483726501465,2.5,4.166666666666667
1.55,-0.7229319116020576,1.126865612609541,3.4087993146548894,2.4695287876675986,0.5652524262133228,3.1469871011861965,1.0120999999981901,5.0,0.698,0.5928069184645439,0.09262805957468606,1.7257963267948966,2.1118305510533193,0.6826814316892805,-0.04723979857591719,0.21631526947021484,2.5,4.166666666666667
1.6,-0.8345640312479408,1.0670034650577298,3.5661486697141993,2.528620458432788,0.5904839929233876,3.286875603406999,1.04699999999819,4.999999999999996,0.698,0.5923363700253761,0.0955909239685476,1.7307963267948967,1.337027847851931,0.7112997635427206,-0.04808047413436004,0.2725398540496826,2.5,4.166666666666667
1.6500000000000001,-0.9376092260253771,0.9880213800318255,3.730492449884549,2.5868868357311015,0.6154568702536366,3.426732220192584,1.08189999999819,4.196858658478222,0.698,0.5918510132078086,0.0985513985942886,1.7357963267948966,0.7822443501289447,0.7380032056580585,-0.049106667837621576,0.21896934509277344,2.5,4.166666666666667
1.7000000000000002,-1.0280731415064002,0.8905882919872834,3.9018290608941784,2.627271234575237,0.6401234576560332,3.5664650712567765,1.11679999999819,0.18187647927372724,0.6979999999999995,0.5913508601457363,0.10150940944019764,1.7407963267948967,0.40580553752171356,0.7537095150554018,-0.05169919462567913,0.16504645347595215,2.5,4.166666666666667
1.75,-1.1012135614947627,0.7768725964277171,4.080152314457017,2.5818294487683437,0.6642754357392022,3.703781997148869,1.1516999999981898,0.5566954330285824,0.698,0.5908359233429601,0.10446488255615759,1.7457963267948966,0.18481022977029965,0.7713504432574437,-0.05441994357868106,0.1807246208190918,2.5,4.166666666666667
1.8,-1.1507064330501773,0.653105805413996,4.26534141431446,2.5457915861401927,0.6871161506690942,3.827731635271467,1.1865999999981898,1.007477131565808,0.698,0.5903062156728729,0.10741774405549452,1.7507963267948967,0.06786361137479315,0.7911865544617036,-0.05718123218529458,0.19606971740722656,2.5,4.166666666666667
1.85,-1.174754798971232,0.523473114290351,4.456727996078033,2.5205541142478314,0.7088477927747571,3.940271578732565,1.2214999999981897,1.4897150722732977,0.698,0.5897617503781388,0.11036792011682474,1.7557963267948966,0.016005818728628607,0.8133186704734064,-0.05989800595355278,0.31853342056274414,2.5,4.166666666666667
1.9000000000000001,-1.1723349280056279,0.392578921084758,4.653741575014662,2.5065387541092763,0.7296594894289247,4.043432482932259,1.2563999999981896,1.9122620603827944,0.698,0.5892025410703622,0.11331533698590035,1.7607963267948967,0.0007852457109412842,0.8375102174259383,-0.06252539826546384,0.3242838382720947,2.5,4.166666666666667
1.9500000000000002,-1.1432605644563407,0.2653290482945768,4.855913199161275,2.5022216774649357,0.7497195028559787,4.139188281163459,1.2912999999981896,2.0563662368275466,0.5626427633748582,0.5886286017297463,0.11625992097745318,1.7657963267948966,2.9350792490249448e-05,0.8611432571876463,-0.06514977353029529,0.32950639724731445,2.5,4.166666666666667
2.0,-1.088265131702368,0.14686604134072478,5.062872613219448,2.501460275234214,0.7601922167660523,4.166608597134481,1.3194321381669325,2.0775735572555454,0.5063364194787479,0.5880399467047449,0.11920159847703672,1.7707963267948967,2.9549831344355798e-05,0.884328348364255,-0.06778179848234898,0.2986271381378174,2.5,4.166666666666667
2.0500000000000003,-1.0096221687366733,0.04244729942389899,5.271203043076172,2.501338993171286,0.7667815382560659,4.1665002323096285,1.34474895914087,2.0784482834386973,0.5063850869453551,0.5874365907117031,0.12214029594286681,1.7757963267948966,2.943608408665336e-05,0.9075235086832254,-0.07041476246406231,0.3088967800140381,2.5,4.166666666666667
2.1,-0.9108069362972682,-0.043268373316679945,5.479528054691653,2.501317735703958,0.7733977715759707,4.166501962468881,1.3700682134881377,2.0755062596325966,0.5061782299838604,0.5868185488344889,0.12507593990765975,1.7807963267948967,2.9334287870360908e-05,0.9307122651179034,-0.07305041367570687,0.32323455810546875,2.5,4.166666666666667
2.15,-0.7961629662690426,-0.10646328178430854,5.687853152815097,2.5013127277661784,0.7800239987730405,4.166501608650302,1.3953771249873308,2.071990505485373,0.5059670734810446,0.5861858365241174,0.12800845698046937,1.7857963267948966,2.9235331306877065e-05,0.9538921873382351,-0.07568900548592682,0.3158383369445801,2.5,4.166666666666667
2.2,-0.6707420961212219,-0.14430654186098427,5.896178233247612,2.501310593842731,0.7866603575217851,4.16650115526856,1.420675478661383,2.0684062300755155,0.5057511258410311,0.5855384695983633,0.1309377738485216,1.7907963267948965,2.913772691843721e-05,0.9770626830720345,-0.07833055632676726,0.315601110458374,2.5,4.166666666666667
2.25,-0.5400810540182062,-0.15508453281335574,6.10450329101104,2.501309009268893,0.7933068565896194,4.166500737161843,1.4459630349534347,2.0648371175386218,0.5055306882289956,0.584876464241366,0.13386381727904725,1.7957963267948966,2.904156746893953e-05,1.0002234894558486,-0.080975041510974,0.303971529006958,2.5,4.166666666666667
2.3000000000000003,-0.40995696647093166,-0.13827893370490885,6.312828327869132,2.5013074916572737,0.799963474997415,4.166500162000838,1.4712395693648845,2.0613056146631354,0.5053071582451327,0.5841998370032249,0.13678651412111306,1.8007963267948968,2.8946666452814654e-05,1.0233744626971553,-0.0836224205321216,0.3171567916870117,2.5,4.166666666666667
2.35,-0.2861320289364483,-0.09459155947094806,6.521153335969174,2.501306057604862,0.8066302444109431,4.166499622046951,1.4965049272771411,2.057807046128487,0.5050802966921576,0.5835086047995858,0.1397057913074501,1.8057963267948967,2.8853003644438565e-05,1.0465154621354276,-0.08627265287146732,0.30670595169067383,2.5,4.166666666666667
2.4000000000000004,-0.17409847768965414,-0.025915186113329353,6.729478317071521,2.5013046360896016,0.8133071418463302,4.16649897566566,1.521758942111749,2.0543441519405943,0.5048511302620381,0.5828027849112177,0.14262157585628077,1.8107963267948965,2.8760392259508196e-05,1.0696463894166046,-0.08892569314469631,0.31045007705688477,2.5,4.166666666666667
2.45,-0.07883513821081294,0.06474836568723163,6.937803265854805,2.5013032266379933,0.8199941772774643,4.166498353955187,1.5470014986248508,2.0509183753988927,0.5046195650422498,0.5820823949835812,0.14553379487314325,1.8157963267948967,2.8669068330392095e-05,1.0927671699705872,-0.09158149175484623,0.3113527297973633,2.5,4.166666666666667
2.5,-0.004586300546326361,0.17341934070526105,7.146128183552564,2.5013018709298547,0.8266913196319993,4.1664976446298345,1.5722324768769633,2.047524563521444,0.5043864081370518,0.5813474530263868,0.14844237555271375,1.8207963267948966,2.8578738162617995e-05,1.1158777389782621,-0.0942399997802149,0.3205394744873047,2.5,4.166666666666667
2.5500000000000003,0.04532725291753857,0.2953146283471142,7.354453065784056,2.5013005104559785,0.8333985597113718,4.166496935263698,1.5974517972838158,2.0441655736609006,0.5041516876211848,0.5805979774131453,0.15134724518062687,1.8257963267948967,2.8489648288969444e-05,1.1389780602663393,-0.09690116347870613,0.32421159744262695,2.5,4.166666666666667
2.6,0.06865665535356133,0.4250581541559919,7.562777912547241,2.5012991595695304,0.8401158584926575,4.166496141329366,1.6226593816648751,2.0408412878646836,0.5039162776322437,0.5798339868807079,0.15424833113529307,1.8307963267948966,2.8401442053531107e-05,1.1620681246735869,-0.09956492618176478,0.30698132514953613,2.5,4.166666666666667
2.6500000000000004,0.06432618372048796,0.5569178423431721,7.771102719613709,2.50129783984303,0.8468432057910196,4.166495421462564,1.6478551955464873,2.0385861361734574,0.5028766917340682,0.5790555005287982,0.15714556088971468,1.8357963267948967,2.9500988149407055e-05,1.185141188282209,-0.10223033505891557,0.2941782474517822,2.5,4.166666666666667
2.7,0.03248274276753376,0.6850587062987046,7.979427490686837,2.501318592285587,0.8535273402099812,4.166123314368445,1.6729990301331907,2.0349198796485637,0.5034311480726391,0.5782625378195343,0.16003886201329867,1.8407963267948966,2.934782400361347e-05,1.2082109195228539,-0.10489829156938589,0.3035447597503662,2.5,4.166666666666667
2.75,-0.025506158856584034,0.8038023222952165,8.187733656405259,2.501328884820781,0.8602762274143233,4.166139361140684,1.6981705875368227,2.0312611274909,0.5031604611784282,0.5774551185769428,0.1629281621736677,1.8457963267948967,2.9256203444001367e-05,1.23126847332563,-0.10756900445940984,0.31485509872436523,2.5,4.166666666666667
2.8000000000000003,-0.10711701795084017,0.9078766761083916,8.396040624462293,2.501329803886804,0.8670326892879351,4.16613981367842,1.7233286105957442,2.028004888795769,0.5029251566676136,0.5766332629864626,0.16581338913846824,1.8507963267948966,2.9162163431306147e-05,1.2543156639012591,-0.11024211695180919,0.30924105644226074,2.5,4.166666666666667
2.85,-0.2087760369850549,0.9926495198100561,8.604347615146214,2.501329379418437,0.8737990688829639,4.166140877444073,1.748474868429125,2.024829864149444,0.502689404248629,0.5757969915944406,0.16869447077717645,1.8557963267948967,2.9069054061198195e-05,1.2773527369208828,-0.11291752357315858,0.31076502799987793,2.5,4.166666666666667
2.9000000000000004,-0.3260162262244163,1.0543355937645973,8.812654659018417,2.5013287036399015,0.8805752321712373,4.166141920251697,1.7736093386415563,2.0216956748063435,0.5024546891020075,0.5749463253076182,0.17157133506290134,1.8607963267948966,2.8976688592119043e-05,1.300379817271805,-0.11559514736810003,0.3086385726928711,2.5,4.166666666666667
2.95,-0.453673537653398,1.090165133206791,9.020961755031001,2.5013279940480797,0.8873611269966619,4.166143002242883,1.7987320730966567,2.018591812581584,0.502221170865897,0.5740812853926083,0.17444391007418567,1.8657963267948967,2.888511801577496e-05,1.3233970061922944,-0.1182749178699937,0.33399200439453125,2.5,4.166666666666667
3.0,-0.5861141811140815,1.0985080774415055,9.229268905143146,2.5013272499260246,0.8941566892083141,4.16614414755306,1.8238431316399515,2.0155193071862865,0.5019888315579192,0.5732018934753635,0.17731212399680377,1.8707963267948966,2.879472894945845e-05,1.3464044208913122,-0.12095676122242603,0.313720703125,2.5,4.166666666666667
3.0500000000000003,-0.7174831008826253,1.078948107885239,9.437576112520798,2.5013265023167857,0.9009618312334764,4.166145247932994,1.8489425732178475,2.012474748685055,0.5017584077817505,0.5723081715406362,0.18017590512555695,1.8757963267948967,2.8704805013734446e-05,1.369402187584067,-0.12364060453654732,0.29743194580078125,2.5,4.166666666666667
3.1,-0.8419626670900497,1.0323031314339508,9.645883374917448,2.501325718412047,0.90777649366462,4.166146425785163,1.874030493606935,2.009463629047749,0.5015297090840252,0.571400141931428,0.18303518186606613,1.8807963267948966,2.8616006084158695e-05,1.3923904621805732,-0.12632636711584086,0.2989838123321533,2.5,4.166666666666667
3.1500000000000004,-0.9540301475169438,0.9605911999938713,9.854190696206706,2.5013249931909423,0.9146005828660968,4.166147590649351,1.8991069790611361,2.006474123509933,0.5013031067412184,0.5704778273484319,0.18588988273656173,1.8857963267948967,2.852813105480346e-05,1.4153693731983727,-0.12901397815107835,0.2922537326812744,2.5,4.166666666666667
3.2,-1.0487025833785226,0.8669432835334027,10.062498075739173,2.501324177519334,0.9214340104862067,4.166148726043364,1.924172134398197,2.0035175378748367,0.5010793389284279,0.5695412508494645,0.18873993636967068,1.8907963267948966,2.8440561982743746e-05,1.4383391121998454,-0.1317033532116984,0.3006629943847656,2.5,4.166666666666667
3.25,-1.1217581929603415,0.7554666667008242,10.270805512041342,2.501323375798715,0.928276717201985,4.166150035508709,1.9492261013446184,2.0005873754209103,0.5008579089836884,0.5685904358488895,0.19158527151420057,1.8957963267948965,2.8353651901547383e-05,1.4612998513344793,-0.13439441240205965,0.31634044647216797,2.5,4.166666666666667
3.3000000000000003,-1.1699245094076143,0.6310649115084551,10.479113013816777,2.501322562706794,0.9351285907905134,4.166151386522267,1.9742689967938027,1.997684513689831,0.5006391289850297,0.5676254061170322,0.19442581703692105,1.9007963267948966,2.826779488526013e-05,1.4842517802164266,-0.1370870728479228,0.29056525230407715,2.5,4.166666666666667
3.35,-1.1910248362174973,0.4992222920010819,10.68742058314289,2.5013217416632814,0.9419895219895225,4.166152693723217,1.9993009532430541,1.9948079785233013,0.5004235320880804,0.5666461857795858,0.1972615019243419,1.9057963267948967,2.8182697160632015e-05,1.5071951021136487,-0.13978125070156644,0.30090785026550293,2.5,4.166666666666667
3.4000000000000004,-1.1840764954368728,0.3657621580751226,10.89572821782905,2.501320905077751,0.9488594194323204,4.166154024098853,2.0243221298474583,1.9919577780439646,0.5002111979794893,0.5656527993170077,0.20009225528448868,1.9107963267948966,2.8098329673371333e-05,1.5301300317438953,-0.1424768601657109,0.3099634647369385,2.5,4.166666666666667
3.45,-1.1493364283758045,0.23658987424204353,11.104035919033993,2.5013200561505444,0.9557381791110307,4.166155380714245,2.0493326897464326,1.9891334838431438,0.5000025080563163,0.5646452715639078,0.20291800634867477,1.9157963267948968,2.8014338093288503e-05,1.553056797347367,-0.14517381395736523,0.34111714363098145,2.5,4.166666666666667
3.5,-1.0882920424560978,0.11743167404808082,11.312343688069706,2.5013191992153154,0.9626257052687779,4.1661568493841195,2.074332815149248,1.9863325603066726,0.4997970821446621,0.5636236277084273,0.20573868447327084,1.9207963267948966,2.7931449649831963e-05,1.57597562220181,-0.1478720259880199,0.3074066638946533,2.5,4.166666666666667
3.5500000000000003,-1.0035976103624347,0.013580972873990044,11.520651530538913,2.501318295303685,0.9695218598953946,4.1661582447310845,2.0993226692564813,1.983559445270099,0.4995959795841476,0.5625878932916095,0.20855421914147057,1.9257963267948965,2.784868213562697e-05,1.5988867697420008,-0.15057140285563092,0.3035860061645508,2.5,4.166666666666667
3.6,-0.8989589412188004,-0.07033662687683058,11.728959442775468,2.501317410507015,0.9764265601211761,4.16615978904648,2.1243024682356886,1.9808083088358024,0.4993984361861584,0.5615380942067608,0.211364539965054,1.9307963267948967,2.776706261434211e-05,1.6217904804480574,-0.1532718563761181,0.30054712295532227,2.5,4.166666666666667
3.6500000000000004,-0.7789713220988899,-0.13056922018372935,11.937267432227792,2.501316496962829,0.9833396555761293,4.166161259087497,2.1492723900449966,1.97808212584319,0.49920552902965126,0.5604742566988038,0.21416957668614686,1.9357963267948968,2.7685714070461008e-05,1.644687029477728,-0.15597329288011266,0.29760003089904785,2.5,4.166666666666667
3.7,-0.6489178271999345,-0.16440620002952616,12.145575495182166,2.501315581008408,0.9902610532850589,4.166162853536633,2.1742326664964793,1.977807897915988,0.4986238781357554,0.5593964073636206,0.21696925917897722,1.9407963267948967,2.8364907958215687e-05,1.667579937061483,-0.15867239576556602,0.3151552677154541,2.5,4.166666666666667
3.75,-0.5145368266312503,-0.17030010873096957,12.353883637858997,2.501366338396285,0.9971645871351745,4.165982819407597,2.1991638604032673,1.973280985553851,0.49882612456890296,0.5583045731473886,0.21976351745162853,1.9457963267948966,2.822387515383575e-05,1.6904638509223595,-0.16137446764834262,0.29996466636657715,2.5,4.166666666666667
3.8000000000000003,-0.3817666828289983,-0.1479390746208133,12.562182778829378,2.501375992466486,1.0041030361393737,4.1659962563042505,2.2241051666317126,1.9702019911984467,0.49862102333049974,0.5571987813459062,0.22255228164778965,1.9507963267948967,2.8142886182713097e-05,1.7133394768471428,-0.16407777028664491,0.29679179191589355,2.5,4.166666666666667
3.85,-0.2564887296263212,-0.09825812909309763,12.77048259164459,2.5013765002865007,1.0110476423033883,4.165998185992417,2.2490362177982375,1.9675002030887117,0.49844735584375627,0.5560790596039108,0.22533548204850073,1.9557963267948966,2.8058431383375352e-05,1.7362088441299832,-0.16678176157986657,0.2917802333831787,2.5,4.166666666666667
3.9000000000000004,-0.14426301111019363,-0.023403988048524407,12.978782500944211,2.5013755754419216,1.0180000789066348,4.166000663196515,2.2739585855904254,1.9648722185671066,0.4982774534539027,0.5549454359143877,0.22811304907389687,1.9607963267948967,2.7975492796288204e-05,1.7590724510450144,-0.16948627814901782,0.30421996116638184,2.5,4.166666666666667
3.95,-0.05008215212432107,0.07335848208252119,13.187082534104038,2.501374371465802,1.0249601176921794,4.166002933965166,2.2988724582631206,1.962275497541884,0.498113593631694,0.5537979386178703,0.230884913284947,1.9657963267948966,2.7892271313205663e-05,1.7819306672350703,-0.17219120789420544,0.31395864486694336,2.5,4.166666666666667
4.0,0.02185024330820111,0.18778869207993845,13.395382680802296,2.5013731209137116,1.0319276762945253,4.166005375715159,2.3237781379447053,1.9597006484177872,0.4979545739793605,0.552636596401731,0.2336510053851903,1.9707963267948967,2.7810165611706152e-05,1.8047838166158248,-0.1748964493107328,0.30211544036865234,2.5,4.166666666666667
4.05,0.06830701416403458,0.31485609147679056,13.603682949588054,2.5013718647126004,1.038902578510175,4.1660077424461,2.3486758666436733,1.957144447909134,0.49780151118367755,0.5514614382994648,0.23641125622246825,1.9757963267948966,2.7727855793467058e-05,1.8276322337584037,-0.17760190369182563,0.2975153923034668,2.5,4.166666666666667
4.1000000000000005,0.08718206816407324,0.44896120610528945,13.811983336710359,2.501370585107469,1.0458847117303673,4.166010255446267,2.373565942202857,1.9546070697687492,0.49765330728121,0.550272493689963,0.23916559679065374,1.9807963267948967,2.764711902782487e-05,1.8504762452963472,-0.1803074706780656,0.307269811630249,2.5,4.166666666666667
4.15,0.07758570507347406,0.5841822617923158,14.020283849482672,2.501369281169229,1.0528738775122728,4.166012550298851,2.398448607566918,1.952089697329581,0.49751148007940427,0.549069792296779,0.241913958231376,1.9857963267948966,2.7566640131615057e-05,1.8733162108713124,-0.18301304644437533,0.29700779914855957,2.5,4.166666666666667
4.2,0.03988632828060155,0.7145365336680047,14.228584476997614,2.501367987691533,1.0598699689778792,4.166014922076303,2.423324181570888,1.9495895671683534,0.49737535733212634,0.547853364187385,0.24465627183574212,1.9907963267948967,2.7486673953323315e-05,1.8961524771783638,-0.18571852976759978,0.31994080543518066,2.5,4.166666666666667
4.25,-0.024303412950892063,0.83424489813393,14.436885223101429,2.5013666932254166,1.066872822040695,4.16601728187982,2.4481929494374945,1.9471047712880443,0.49724514290475486,0.5466232397724202,0.24739246904605486,1.9957963267948966,2.740755937349387e-05,1.9189853930052405,-0.18842382096209329,0.299990177154541,2.5,4.166666666666667
4.3,-0.11219553708088789,0.9379878829419821,14.64518608719542,2.5013653578374218,1.0738822761241553,4.16601958076236,2.4730552065827323,1.944639517634371,0.4971214406262925,0.545379449804931,0.25012248145752647,2.0007963267948967,2.7328434134203416e-05,1.9418153390640662,-0.1911288124454018,0.3069031238555908,2.5,4.166666666666667
4.3500000000000005,-0.21994775825851529,1.021141886586993,14.853487066233537,2.501364044116268,1.0808982007031271,4.166021991812528,2.4979112786140467,1.9421890671989994,0.49700424746181865,0.544122025379602,0.25284624081998885,2.0057963267948966,2.7248790237460298e-05,1.9646426846221159,-0.19383340245448913,0.29651832580566406,2.5,4.166666666666667
4.4,-0.34283138362634,1.0799850860255218,15.061788165824163,2.5013627256559317,1.0879204543383245,4.1660246288997165,2.5227614909871376,1.9397521558884863,0.496892228489596,0.542850997931978,0.2555636790395998,2.010796326794897,2.7170938534649847e-05,1.9874677796626927,-0.19653749007692042,0.31082630157470703,2.5,4.166666666666667
4.45,-0.4754387368573424,1.111863854347708,15.27008939726915,2.5013613627570837,1.094948796966432,4.166026927917837,2.5476061024116174,1.9373331474779927,0.4967876333448532,0.5415663992376792,0.2582747281805453,2.015796326794897,2.709316962187148e-05,2.0102910301454955,-0.19924096591085666,0.3162815570831299,2.5,4.166666666666667
4.5,-0.6119210150191059,1.1153122721668722,15.478390743665042,2.5013600197681956,1.1019831319789561,4.166029342148834,2.57244548407886,1.9349261964315458,0.49668944151635397,0.5402682614116061,0.2609793204667381,2.0207963267948967,2.7015591953137967e-05,2.0331128107793295,-0.20194372867908464,0.3055250644683838,2.5,4.166666666666667
4.55,-0.7462461368511003,1.0901193451044582,15.686692210772483,2.501358649941465,1.109023283796525,4.166031785978467,2.597279956154678,1.932532602417755,0.49659737571809,0.5389566169071367,0.26367738828351195,2.0257963267948966,2.693942203402091e-05,2.0559335022057432,-0.20464567385094823,0.29619860649108887,2.5,4.166666666666667
4.6000000000000005,-0.8724651923695441,1.0373408516328597,15.894993800071406,2.5013572477059753,1.1160690506005893,4.166033999902644,2.6221098249405825,1.9301545172900159,0.4965129898033515,0.5376314985153151,0.2663688641793119,2.0307963267948965,2.6862702018950883e-05,2.0787535227330523,-0.20734669187287075,0.2951209545135498,2.5,4.166666666666667
4.65,-0.9849757530706367,0.9592551983627164,16.103295500066537,2.501355865292286,1.123120327210495,4.166036412518405,2.6469354744307503,1.9277863297724311,0.49643503216989937,0.5362929393640323,0.2690536808673807,2.035796326794897,2.678640338128709e-05,2.1015732556150417,-0.2100466814297997,0.3035581111907959,2.5,4.166666666666667
4.7,-1.0787703868782585,0.8592651100816375,16.311597320692456,2.501354449294155,1.1301769154001027,4.16603881290025,2.671757226039245,1.925432651674955,0.49636465664093066,0.5349409729171973,0.27173177122744097,2.0407963267948968,2.670925400834338e-05,2.124393125251215,-0.2127455321459394,0.3127751350402832,2.5,4.166666666666667
4.75,-1.1496593488363014,0.7417494093209369,16.519899261337468,2.501353057850728,1.1372386873918736,4.1660414901528595,2.6965754588712914,1.9230870977052619,0.4962998954927717,0.5335756329739009,0.27440306830737327,2.0457963267948966,2.6634109425709833e-05,2.147213504796661,-0.21544314347419902,0.3093407154083252,2.5,4.166666666666667
4.800000000000001,-1.1944575707435081,0.6118713253565797,16.72820133584511,2.5013516264843187,1.1443053765656408,4.166043775018794,2.72139045364593,1.920755212325627,0.49624339258387096,0.5321969536675705,0.2770675053248898,2.0507963267948965,2.6558564293426943e-05,2.170034834598909,-0.21813940395174633,0.31267333030700684,2.5,4.166666666666667
4.8500000000000005,-1.2111275944096584,0.4753517399618389,16.93650352459605,2.5013502205615556,1.1513768890771545,4.166046215439085,2.7462026232751238,1.9184298387212535,0.49619382970875897,0.5308049694651169,0.2797250156692037,2.055796326794897,2.6483136903383453e-05,2.1928575121062495,-0.22083421368493994,0.2970752716064453,2.5,4.166666666666667
4.9,-1.1988720517601061,0.33821729556191493,17.144805835368004,2.5013487675154393,1.1584530343764072,4.166048691636145,2.771012314760562,1.9161165886728546,0.49615113971191643,0.5293997151660729,0.28237553290269485,2.0607963267948968,2.6408521311604147e-05,2.215681959807887,-0.22352746174222282,0.31426119804382324,2.5,4.166666666666667
4.95,-1.1581714903386082,0.20653448717755465,17.35310826994981,2.50134732870337,1.1655336123386468,4.166051020580425,2.7958198717461578,1.9138094072120524,0.4961162296300216,0.5279812259017225,0.2850189907625705,2.0657963267948967,2.6333897063988993e-05,2.2385085947941206,-0.22621904692229108,0.32410359382629395,2.5,4.166666666666667
5.0,-1.0907657755918543,0.08614143393013558,17.561410820978832,2.501345848125174,1.1726184789124314,4.166053424318653,2.820625683227659,1.911512535212449,0.49608881359329715,0.5265495371342236,0.2876553231625218,2.0707963267948966,2.6258911211863672e-05,2.2613378514953753,-0.22890885935536048,0.29660654067993164,2.5,4.166666666666667
5.050000000000001,-0.9995797638027951,-0.017610790752304026,17.769713492194764,2.5013443757734053,1.1797074645925765,4.166055947177984,2.845430123907324,1.9092229425083618,0.4960681217467666,0.5251046846557208,0.29028446419437615,2.075796326794897,2.618505200853599e-05,2.284170143223551,-0.23159679357768168,0.3000931739807129,2.5,4.166666666666667
5.1000000000000005,-0.8885964271472899,-0.10009583458076143,17.978016289553665,2.501342909989181,1.186800344133532,4.166058253691321,2.870233529994662,1.9069383604548515,0.4960560499642001,0.5236467045874507,0.29290634812974453,2.080796326794897,2.6109981848993382e-05,2.3070059089503037,-0.23428274739520627,0.2999136447906494,2.5,4.166666666666667
5.15,-0.7626829332428533,-0.15761818309200487,18.18631920223823,2.5013414131668577,1.1938970157860396,4.166060879233819,2.895036332492872,1.904659995464751,0.4960502896468964,0.5221756333788392,0.2955209094216652,2.0857963267948967,2.6036235942995023e-05,2.3298455592575085,-0.23696661559570034,0.30194973945617676,2.5,4.166666666666667
5.2,-0.6273772643729416,-0.18757854599838092,18.394622246199923,2.501339890283567,1.2009972175213361,4.166063236708348,2.919838846975217,1.9023894705309958,0.49605291052475664,0.5206915078065899,0.298128082706242,2.0907963267948966,2.596212595216619e-05,2.3526895474000042,-0.23964828866448007,0.30512094497680664,2.5,4.166666666666667
5.25,-0.48864473902097705,-0.18859112563030797,18.60292540803534,2.5013383920297314,1.2081008246874552,4.166065708820103,2.944641492501455,1.9001202853018166,0.4960626036929039,0.5191943649737647,0.30072780280427874,2.095796326794897,2.5888660851511402e-05,2.3755382831782086,-0.24232766878760378,0.3110032081604004,2.5,4.166666666666667
5.300000000000001,-0.35261512104032855,-0.16054747363614316,18.811228693476345,2.5013368452616698,1.2152076205118032,4.16606803865177,2.9694446226861,1.8978574355235562,0.49608070343203264,0.5176842423088566,0.3033200047229082,2.100796326794897,2.581441875858684e-05,2.398392221771449,-0.24500464760941665,0.30208659172058105,2.5,4.166666666666667
5.3500000000000005,-0.22531192078377718,-0.10462400682234235,19.019532095408934,2.5013352974710052,1.2223174753204653,4.166070577587439,2.994248657857702,1.8955978057612557,0.49610600518306064,0.5161611775648534,0.3059046236572175,2.1057963267948967,2.574040453552275e-05,2.421251789374458,-0.24767912195556616,0.30134010314941406,2.5,4.166666666666667
5.4,-0.11238581029568102,-0.02323273411973191,19.227835624288307,2.501333744356296,1.2294301751612746,4.1660730910923025,3.0190539581168547,1.89334070301059,0.49613910158812635,0.5146252088182944,0.3084815949918679,2.1107963267948966,2.566631843382111e-05,2.4441174215933454,-0.25035098918020515,0.31525301933288574,2.5,4.166666666666667
5.45,-0.018863970041147024,0.08008274408192406,19.436139278842923,2.501332179907796,1.2365455448297191,4.166075619269913,3.043860913196261,1.8910849823072395,0.49617938985775695,0.5130763744683184,0.31105085430271023,2.1157963267948965,2.55932994502544e-05,2.4669895417495002,-0.25302014819199004,0.302401065826416,2.5,4.166666666666667
5.5,0.051073535964044875,0.2008014839298658,19.64444305980642,2.501330588058845,1.24366336729651,4.1660779108475365,3.0686698826891488,1.888831611056588,0.49622852757980007,0.5115147132357034,0.3136123373583955,2.120796326794897,2.5519075655826185e-05,2.489868607907642,-0.25568649512036956,0.3003098964691162,2.5,4.166666666666667
5.550000000000001,0.09428041125034736,0.33362297741935776,19.852746955348795,2.5013289865570885,1.2507835356424342,4.166080485432574,3.093481309068139,1.8865801689602397,0.49628480058311336,0.5099402641618989,0.3161659801219808,2.1257963267948967,2.5444944090037977e-05,2.5127550506726744,-0.25834992615551444,0.31404781341552734,2.5,4.166666666666667
5.6000000000000005,0.10878547522548745,0.4726998212832424,20.061050979620425,2.5013274001849393,1.2579058252401831,4.1660830371088675,3.1182955490972946,1.884327064144113,0.4963485637485141,0.5083530666080497,0.31871171875253,2.1307963267948966,2.537150978818311e-05,2.5356492932530545,-0.26101034415539,0.3034350872039795,2.5,4.166666666666667
5.65,0.09388236782052511,0.6118950509425198,20.26935513147587,2.501325789442586,1.2650300364758387,4.166085439479121,3.14311297728472,1.8820726556821739,0.4964211709310108,0.506753160254012,0.32124948960671,2.1357963267948965,2.5296460443723798e-05,2.558551786438679,-0.2636676506718773,0.32050108909606934,2.5,4.166666666666667
5.7,0.05016353702204161,0.7450528260775271,20.477659403449824,2.501324136767233,1.2721560599792179,4.166088193605535,3.1679340358312706,1.8798190431371666,0.4964996718430255,0.5051405850973611,0.32377922924038155,2.140796326794897,2.5223719406947075e-05,2.581462940418837,-0.26632174216057936,0.3348245620727539,2.5,4.166666666666667
5.75,-0.020503113233310152,0.8662705361572769,20.6859638131301,2.501322485947284,1.2792835879255928,4.166090407383899,3.192759019423422,1.8775638406109463,0.4965878116900599,0.5035153814523925,0.32630087441018557,2.1457963267948967,2.514931815233086e-05,2.6043832211394378,-0.2689725192435501,0.3020498752593994,2.5,4.166666666666667
5.800000000000001,-0.11505399317788469,0.9701602988594308,20.894268333499298,2.501320839039205,1.286412566994059,4.166092976072348,3.217588410007925,1.8753053069808254,0.49668297756701507,0.5018775899491121,0.3288143620751242,2.1507963267948966,2.5074862151220754e-05,2.627313045768303,-0.2716198857910107,0.32152533531188965,2.5,4.166666666666667
5.8500000000000005,-0.2293626334611919,1.0520882723325466,21.102572982302917,2.5013191790924822,1.2935427660180947,4.166095541727154,3.242422558886276,1.8730421260841499,0.49678577392339457,0.5002272515322225,0.3313196293981366,2.1557963267948965,2.5000519123535023e-05,2.6502528370962297,-0.27426374800674014,0.2975943088531494,2.5,4.166666666666667
5.9,-0.35841974390870496,1.1083811542180257,21.310877759389275,2.501317473867914,1.3006739974520622,4.166098050521298,3.2672618475824455,1.8707782551724186,0.496896593108578,0.49856440746009806,0.3338166137476703,2.160796326794897,2.4925812648450475e-05,2.6732030423151234,-0.2769040027960594,0.3402118682861328,2.5,4.166666666666667
5.95,-0.49655268470842445,1.1364906819236529,21.51918266191534,2.50131578971704,1.307806101701795,4.16610063840816,3.2921066772378746,1.8685068431109935,0.4970148316219851,0.49688909930375397,0.33630525269924655,2.1657963267948968,2.485107263105981e-05,2.6961640712274253,-0.27954056158874335,0.31015586853027344,2.5,4.166666666666667
6.0,-0.6376747383418393,1.1351087712434123,21.727487693835748,2.501314060367493,1.3149388805625926,4.166103171390589,3.316957418818974,1.8662330970891692,0.4971408722333257,0.4952013689458069,0.3387854840370213,2.1707963267948966,2.477628188707152e-05,2.7191363625162523,-0.2821733237459739,0.3020169734954834,2.5,4.166666666666667
6.050000000000001,-0.7755532151774978,1.1042280920734668,21.935792852405278,2.5013123450114354,1.3220721643075746,4.166105706195528,3.3418144624306403,1.8639509652380761,0.49727465437460305,0.49350125857942795,0.34125724575534006,2.1757963267948965,2.470110566739744e-05,2.742120330043779,-0.2848022016662437,0.30240797996520996,2.5,4.166666666666667
6.1000000000000005,-0.9040846093162547,1.045145299670718,22.144098137715055,2.501310586926956,1.329205781785504,4.166108288422356,3.3666781951493703,1.8616639800794004,0.49741580075520514,0.49178881070728764,0.3437204760602888,2.180796326794897,2.4625974896423404e-05,2.7651163961195726,-0.28742709936535965,0.3177189826965332,2.5,4.166666666666667
6.15,-1.0175646381235492,0.9604066442742121,22.352403552136174,2.5013088197640583,1.336339539578645,4.166110797981363,3.3915489851871303,1.8593708169685526,0.49756486738889383,0.49006406814049364,0.34617511337123813,2.1857963267948968,2.4550325998172366e-05,2.7881249879231484,-0.2900479232798202,0.3081185817718506,2.5,4.166666666666667
6.2,-1.1109412447425193,0.8536982459238341,22.560709092035243,2.5013070614493302,1.3434732854863576,4.166113400245236,3.416427228556575,1.8570683096773346,0.4977212953909325,0.4883270739975203,0.3486210963223831,2.1907963267948967,2.4474378557867433e-05,2.811146510271744,-0.2926645867428244,0.29472827911376953,2.5,4.166666666666667
6.25,-1.1800393334441792,0.7296857552264975,22.769014762047505,2.501305276615916,1.3506068331624972,4.166116015297931,3.4413132933261217,1.8547568030084365,0.4978848928877786,0.4865778717031307,0.3510583637642773,2.1957963267948966,2.439876405387141e-05,2.834181365777262,-0.2952770020124987,0.31581687927246094,2.5,4.166666666666667
6.300000000000001,-1.221747250555859,0.5938103825067331,22.9773205628124,2.5013034512170313,1.357739988227366,4.166118498333617,3.4662075379705106,1.6683919257783308,0.49849910390951535,0.484816504987291,0.35348685476536174,2.200796326794897,0.00021346338428368625,2.8564905942677976,-0.29832495324096764,0.2093946933746338,2.5,4.166666666666667
6.3500000000000005,-1.2341566968339646,0.4520502057298064,23.18562648772908,2.497385746664209,1.3649019350113063,4.1663257415777375,3.491132493165986,1.9986746884062798,0.49860112849451493,0.48304301788407755,0.35590650861348777,2.205796326794897,2.4265521067348278e-05,2.8801942935029703,-0.30058004097057167,0.3129391670227051,2.5,4.166666666666667
6.4,-1.2165764636448688,0.31083877718871805,23.393942774807968,2.5006291665125295,1.3720465178526515,4.166120347670958,3.516062549590712,1.8732717043967344,0.49856904448603845,0.4812574547305755,0.35831726481743525,2.2107963267948967,2.4106074626961206e-05,2.903383238327246,-0.3031188700017773,0.30920910835266113,2.5,4.166666666666667
6.45,-1.1698468810033,0.1760964646248592,23.602248792191517,2.501184548679585,1.379185565129505,4.166128622610727,3.540991001815014,1.6651327796406055,0.49906533321904495,0.4794598601657707,0.36071906310842466,2.2157963267948966,0.00021202080562352754,2.925750138203375,-0.3061543843614225,0.21133017539978027,2.5,4.166666666666667
6.5,-1.095904595124154,0.05391737155650991,23.810555223322055,2.497349667209224,1.386345042514832,4.166328676927266,3.5659442684759663,1.9927589692624843,0.4991999246501474,0.4776502791294335,0.3631118434416237,2.2207963267948965,2.4035668581076203e-05,2.94950616815878,-0.30838441724377846,0.303356409072876,2.5,4.166666666666667
6.550000000000001,-0.9979939324455089,-0.05005508622374681,24.018871657168418,2.500618304869721,1.3934875646054177,4.166128811820289,3.590904264708474,1.6758905879229729,0.4995814771192542,0.47582875686099557,0.3654955459976489,2.225796326794897,0.00021264670015956724,2.971972111443057,-0.3113798594688706,0.2083139419555664,2.5,4.166666666666667
6.6000000000000005,-0.8803045979453368,-0.1315196140460158,24.22717809775943,2.497125387401012,1.400650094849031,4.1663262467468964,3.6158833385644367,1.9963334799954549,0.49968581183330296,0.47399533889841894,0.3678701111840603,2.2307963267948967,2.3900227635089426e-05,2.995798478625487,-0.3135742149084333,0.3021688461303711,2.5,4.166666666666667
6.65,-0.7481383122905654,-0.18652609237111417,24.435494410096776,2.5005764562551325,1.4077932622234917,4.166135015130008,3.640867629156102,1.6726186657179993,0.5000177993817195,0.4721500710770572,0.370235479636852,2.2357963267948966,0.00021153667552604617,3.0183023346067577,-0.3165619164176387,0.21567535400390625,2.5,4.166666666666667
6.7,-0.6070917282274046,-0.21284666096227622,24.643801160853275,2.497117030780116,1.4149523687368752,4.166328590158964,3.665868519125188,1.9916668620340772,0.5001447016940742,0.4702929995285095,0.37259159222193583,2.240796326794897,2.3742775507380285e-05,3.042164427183527,-0.3187400315498232,0.3279290199279785,2.5,4.166666666666667
6.75,-0.4636356097037537,-0.20903205270667174,24.852117590361225,2.5005717753837065,1.422092436740928,4.166140616263185,3.6908757542098916,1.668299930432567,0.5004761205651632,0.46842417067946807,0.37493839003661994,2.245796326794897,0.00021028694925051672,3.0647033130175516,-0.32172193865349613,0.20373249053955078,2.5,4.166666666666667
6.800000000000001,-0.32380499937451784,-0.17533612311336882,25.060424621174384,2.497123963255169,1.4292472136105994,4.166331345379306,3.71589956023815,1.9863588019812068,0.5006273725053138,0.46654363125055665,0.37727581441108116,2.2507963267948967,2.3580957550715925e-05,3.088599983686587,-0.32388502582797796,0.2991960048675537,2.5,4.166666666666667
6.8500000000000005,-0.19411172643243899,-0.11308185284004867,25.26874118844335,2.5005696467499514,1.4363833595447033,4.1661465255739625,3.7409309288634156,1.6638637154424347,0.5009599831339084,0.46465142825516326,0.3796038069098318,2.2557963267948966,0.00020901253867069365,3.1111751159334293,-0.32686087038664713,0.21228742599487305,2.5,4.166666666666667
6.9,-0.07997504788071344,-0.024974345249944074,25.47704851472205,2.4971321782847293,1.4435331026536526,4.16633412458315,3.765978928020111,1.980936638767878,0.5011351974110418,0.4627476089982639,0.3819223093331808,2.2607963267948965,2.341886743005496e-05,3.1351074908816137,-0.3290088584551896,0.3068253993988037,2.5,4.166666666666667
6.95,0.013190816869130428,0.08511091253291529,25.68536522095121,2.500567677270722,1.4506646270768162,4.166152067678388,3.791035687890663,1.6593632061726318,0.5014704185454157,0.460832221075241,0.3842312637186882,2.265796326794897,0.00020772203310692142,3.15772032370079,-0.3319782438211193,0.20296692848205566,2.5,4.166666666666667
7.0,0.08153441235662162,0.2124777817650657,25.893672824335127,2.4971405595554095,1.4578087681578213,4.166336925234653,3.816109208817934,1.9754390689151893,0.5016687244186936,0.458905312370693,0.38653061234261465,2.2707963267948967,2.3254491060427725e-05,3.1816896926767075,-0.3341109666885462,0.31708455085754395,2.5,4.166666666666667
7.050000000000001,0.12169012647418598,0.35136554965858746,26.101989670596858,2.50056569429632,1.4649350771780552,4.166157786500996,3.841192645038869,1.6548003024796678,0.5020054765044659,0.45696693105723696,0.38882029772136434,2.2757963267948966,0.00020641480813419507,3.204341635602087,-0.3370734910655674,0.20462894439697266,2.5,4.166666666666667
7.1000000000000005,0.1320569840038596,0.49589820062215084,26.310297559921906,2.4971490766264846,1.472072989735918,4.166339756565395,3.8662929188640924,1.9698619552062622,0.5022267359688258,0.45501712559430485,0.391100262612922,2.2807963267948965,2.308831827009023e-05,3.228349230425384,-0.33919079453221374,0.30994224548339844,2.5,4.166666666666667
7.15,0.11191459270707069,0.6394292602150606,26.518614547750175,2.500563674113409,1.4791934864071936,4.166163554657037,3.891404255662534,1.6501695951035138,0.5025643939345246,0.4530559447269316,0.3933704500182842,2.285796326794897,0.00020509098371278273,3.251041635525164,-0.3421460701556626,0.21880316734313965,2.5,4.166666666666667
7.2,0.06220493947500936,0.7759247931890769,26.72692272548303,2.4971576832074147,1.4863245743792124,4.166342587268786,3.91653247535926,1.9642016780301275,0.502808145391369,0.45108343748453694,0.3956308031828839,2.2907963267948968,2.2920399535196665e-05,3.2750886321780097,-0.34424781103803165,0.30725526809692383,2.5,4.166666666666667
7.25,-0.015010526379175958,0.8990107993836666,26.93523985484647,2.5005615854046295,1.4934386728331797,4.166169295758859,3.9416728826288283,1.6454721362502744,0.5031463856326559,0.449099653179699,0.39788126559800985,2.2957963267948966,0.00020374876581617644,3.297822818208709,-0.3471954474303381,0.21376943588256836,2.5,4.166666666666667
7.300000000000001,-0.11639777533782358,1.0035504761977108,27.143548319634412,2.4971664602743755,1.5005623739800595,4.166345453342028,3.966830201910461,1.9584519598465968,0.5034118100000278,0.4471046414069222,0.40012178100221873,2.3007963267948965,2.2750754287772413e-05,3.321910321434326,-0.34928150107857947,0.31043529510498047,2.5,4.166666666666667
7.3500000000000005,-0.2374625498090721,1.0845575117164579,27.351865592301515,2.5005594620772134,1.5076695007828358,4.1661750129009105,3.9920007924104626,1.6407027507092826,0.5037501826005543,0.4450984520413968,0.4023522933827423,2.305796326794897,0.00020238778963294844,3.3446875355307366,-0.35222112211272,0.20871758460998535,2.5,4.166666666666667
7.4,-0.37304901466626794,1.138695972305627,27.56017434294656,2.49717541728816,1.5147852594091338,4.166348277902242,4.01718830154049,1.9526091759400899,0.504037100461918,0.44308113523775267,0.4045727469768871,2.3107963267948968,2.2578660360981158e-05,3.368816598072184,-0.3542913760406134,0.3036782741546631,2.5,4.166666666666667
7.45,-0.5170056913866625,1.1632443703123923,27.768491756841673,2.500557320528953,1.5218848930794482,4.166180862072715,4.042390156563586,1.6358520022189704,0.5043744309132348,0.4410527414288047,0.4067830862734289,2.3157963267948967,0.00020100815331549978,3.3916379943519157,-0.3572226327426724,0.20627760887145996,2.5,4.166666666666667
7.5,-0.6632469404952103,1.157261192915921,27.97680079994531,2.4971844532236833,1.5289921583383885,4.1663511163972675,4.067608878109248,1.9466735990548063,0.5046830050771232,0.43901332132429255,0.4089832560140005,2.3207963267948966,2.2403761804875844e-05,3.4158096243150284,-0.3592769763717798,0.30208468437194824,2.5,4.166666666666667
7.550000000000001,-0.8050323380204928,1.1207746326121122,28.185118355765173,2.500555149027312,1.5360838077958265,4.166186965808706,4.092843028363104,1.6309242276122686,0.5050176105475604,0.43696292590961244,0.411173201194473,2.3257963267948965,0.0001996088948820475,3.4386763150030926,-0.3621995095456595,0.22399353981018066,2.5,4.166666666666667
7.6000000000000005,-0.9364058919036917,1.055415523569477,28.393427704055608,2.4971937287108763,1.5431820276538861,4.1663539414280635,4.118093908890482,1.9406330418942694,0.5053471367248707,0.43490160644454307,0.41335286706633084,2.330796326794897,2.2227923187433142e-05,3.4628913900653764,-0.3642378691813234,0.30760645866394043,2.5,4.166666666666667
7.65,-1.0512136953466638,0.9639680714914277,28.601745401127012,2.5005529225696077,1.5502651472753333,4.16619278609881,4.143361265726726,1.6259116669038662,0.5056796008918705,0.4328294144619637,0.4155221991380408,2.3357963267948967,0.00019818991665520832,3.485804419734008,-0.36715134380069064,0.2057328224182129,2.5,4.166666666666667
7.7,-1.144671885656482,0.850364444667352,28.81005504043195,2.4972031265580976,1.557353870111897,4.166356774997454,4.1686452457713195,1.9344902709386669,0.5060290650086963,0.430746401766566,0.417681143176414,2.3407963267948966,2.2049566484350356e-05,3.510063790484371,-0.3691736418721482,0.3133270740509033,2.5,4.166666666666667
7.75,-1.2122907813977184,0.7196696809281498,29.018372879181825,2.5005506585721995,1.5644279926360092,4.166198735399491,4.193946699021755,1.620811727683541,0.5063581695310863,0.42865262043355884,0.4198296452079621,2.3457963267948965,0.00019675077122107006,3.533024114156726,-0.37207773323111376,0.20514726638793945,2.5,4.166666666666667
7.800000000000001,-1.2513018032886343,0.5774423575279009,29.2266828159518,2.4972126818511144,1.5715067258579012,4.16635959075141,4.219264607498309,1.9282400507823616,0.5067272285890377,0.42654812280736637,0.4219676515202461,2.350796326794897,2.1868999233084142e-05,3.5573285431558705,-0.37408391106274386,0.30718493461608887,2.5,4.166666666666667
7.8500000000000005,-1.259670775790804,0.4301527729715088,29.435000795489373,2.500548348685898,1.5785713927507894,4.1662046989139805,4.244600968927761,1.6156247000298207,0.5070521563044458,0.4244329615003198,0.42409510866321964,2.3557963267948967,0.00019529157404958185,3.5803370565703903,-0.3769782971832973,0.23369264602661133,2.5,4.166666666666667
7.9,-1.2371397469047198,0.2840229438719995,29.643311030435072,2.497222458584485,1.5856396814782603,4.166362383285334,4.269953576742983,1.7015810051656117,0.5076997548482265,0.42230718939134165,0.42621196345056467,2.3607963267948966,0.0002071061362192994,3.6037714072400675,-0.3796136315755714,0.21924686431884766,2.5,4.166666666666667
7.95,-1.1844955578307623,0.1458038338524785,29.85162914959934,2.495858856480351,1.5927116205214664,4.166330468411386,4.2953385644853945,1.9704951729209172,0.5081618756208529,0.4201708596246238,0.4283181629610221,2.3657963267948965,2.178509877481004e-05,3.628379712419972,-0.3814446178105909,0.3111989498138428,2.5,4.166666666666667
8.0,-1.1040506423513317,0.021531069670031572,30.05994567301991,2.5003084036332064,1.5997813491933934,4.166218115647173,4.320746658266438,1.6139525312052283,0.5081543726873138,0.4180240256082992,0.43041365453971364,2.370796326794897,0.00019383257479478865,3.6514908754379363,-0.3843056288822308,0.2193310260772705,2.5,4.166666666666667
8.05,-0.9992508845507553,-0.08355992405067317,30.26825657880227,2.4971400992906316,1.6068347552218014,4.166364364288756,4.346154376900803,1.6956414115832472,0.5088071364026923,0.41586674101310644,0.43249838579945915,2.3757963267948967,0.00020513710513334928,3.6750103938559455,-0.3869152214985583,0.22446608543395996,2.5,4.166666666666667
8.1,-0.8747265881269806,-0.16441637781503704,30.476574797016706,2.495841585506229,1.613891646636183,4.166333996989803,4.371594733720938,1.96185647983755,0.5092740141784202,0.41369905977104815,0.4345723046220855,2.3807963267948966,2.1511278196063477e-05,3.6996948967535275,-0.388715821951658,0.2983129024505615,2.5,4.166666666666667
8.15,-0.7359257024704391,-0.21751056590112078,30.684891496866197,2.500299124697802,1.6209458956253742,4.166227132793624,4.3970584344298596,1.6056196436178358,0.5091886442740765,0.4115210360740424,0.43663535915973034,2.3857963267948965,0.00019245816938941466,3.722879588289632,-0.39156120173209213,0.20007061958312988,2.5,4.166666666666667
8.200000000000001,-0.5887436354384593,-0.24063722622999564,30.893202853505876,2.4971468949560043,1.6279779579103946,4.166340380291949,4.422517866643563,1.6871080923497037,0.509976657817692,0.409332724372568,0.4386874978361376,2.390796326794897,0.0002027365005812483,3.746475816177217,-0.39415137236934367,0.20680975914001465,2.5,4.166666666666667
8.25,-0.4399216685625064,-0.23244214897294277,31.101519872520473,2.4958614122879146,1.6350218339798972,4.166338699453144,4.448016699534448,1.9515583969653132,0.5103992022080666,0.4071341793743039,0.44072866934794713,2.3957963267948967,2.1225720157149888e-05,3.771231144808651,-0.395925701336034,0.2994577884674072,2.5,4.166666666666667
8.3,-0.29596423860875143,-0.19329103368286762,31.30983680749313,2.5002960676640047,1.6420592103037044,4.166236165357065,4.473536659644852,1.5971887506286757,0.510305565048776,0.4049254560427602,0.44275882266597766,2.4007963267948966,0.00019011325876041522,3.7944924343132147,-0.3987544774306726,0.19885754585266113,2.5,4.166666666666667
8.35,-0.1629583474410277,-0.12488759732929032,31.518148615760985,2.49716295561826,1.649073210113289,4.166345376333216,4.49905193789729,1.6780935985168406,0.5111036910883645,0.4027066095959054,0.4447779070365018,2.4057963267948965,0.00020024668882246503,3.818164085082657,-0.40132552422157464,0.20775365829467773,2.5,4.166666666666667
8.4,-0.04716588873895844,-0.030123312359723514,31.726465884577646,2.4958855348628255,1.6560990398048228,4.166343054328349,4.524607122451709,1.7092470460847191,0.5117295210724648,0.4004776955047848,0.4467858719825156,2.410796326794897,0.00020510984254739836,3.842020012495266,-0.40378640081649375,0.21551299095153809,2.5,4.166666666666667
8.450000000000001,0.046356446282679376,0.08685465323230758,31.934783037294064,2.495366111657499,1.6631312068770578,4.1663317873961105,4.550193598505332,1.7201609292946392,0.5122348221174047,0.3982387694921348,0.44878266730499994,2.4157963267948968,0.00020672206303832966,3.865967094016881,-0.4061975447128629,0.2171034812927246,2.5,4.166666666666667
8.5,0.11346729939505211,0.22093775060394516,32.14309962666387,2.4951586285851075,1.6701638487779005,4.166328120013294,4.575805339611202,1.7227246444458475,0.5126676799103272,0.39598988753098924,0.4507682430841756,2.4207963267948966,0.00020687542466569502,3.8899664790092516,-0.4085839823381472,0.22180700302124023,2.5,4.166666666666667
8.55,0.15115559360662015,0.3662572336003438,32.35141603266453,2.495079497699624,1.6771928995462009,4.166327478077677,4.6014387236067185,1.7218314987426449,0.5130714626656488,0.3937311058432798,0.4527425496807517,2.4257963267948965,0.00020640814562467198,3.914002173318658,-0.4109560690817248,0.21658086776733398,2.5,4.166666666666667
8.6,0.15768989897678204,0.5164347857133426,32.559732406568415,2.495053093452871,1.6842166700869925,4.166328134763959,4.627092296740001,1.7195049488893712,0.5134633608410827,0.3914624808984311,0.45470553773716615,2.4307963267948964,0.00020567848871889884,3.9380676227535485,-0.41331805813758754,0.2232651710510254,2.5,4.166666666666667
8.65,0.1327040665737743,0.6648611900573742,32.76804881330661,2.495048430535705,1.6912344137880575,4.1663292659075415,4.652765464782055,1.7165724570381005,0.5138506979726828,0.3891840694119485,0.45665715817881974,2.4357963267948968,0.00020483816972391143,3.9621601393147006,-0.41567169505662727,0.21706557273864746,2.5,4.166666666666667
8.700000000000001,0.07721932409969673,0.8049871856304105,32.97636527660199,2.4950527803192593,1.6982457995907971,4.166330610266464,4.678457999680689,1.713370087782695,0.5142361058160377,0.38689592834400066,0.4585973622153031,2.4407963267948967,0.00020394989009377777,3.986278595835644,-0.418017703000274,0.20525884628295898,2.5,4.166666666666667
8.75,-0.006396298147265486,0.9306126036287995,33.18468180711531,2.4950608333132736,1.7052506522019826,4.166332019197368,4.7041698049714915,1.7100451308546452,0.5146207458667397,0.38459811489799506,0.4605261013416162,2.4457963267948966,0.00020303730111596613,4.010422544087928,-0.42035635479029915,0.20896410942077637,2.5,4.166666666666667
8.8,-0.11452865572608426,1.0361607638039987,33.39299840807518,2.495070526446674,1.7122488762513235,4.166333482325088,4.729900842264828,1.706647123491198,0.5150048029071465,0.38229068651914805,0.46244332733938165,2.450796326794897,0.0002021135460899325,4.034591757200098,-0.4226877728420257,0.22697019577026367,2.5,4.166666666666667
8.85,-0.24247361161745368,1.1169259860681175,33.601315082191434,2.4950808951121672,1.7192404005992141,4.166334980664139,4.755651082410186,1.7032047993706438,0.5153880736669515,0.3799737008930491,0.464348992278049,2.455796326794897,0.00020118112884820688,4.058786125002261,-0.4250119918487972,0.2328498363494873,2.5,4.166666666666667
8.9,-0.38464167788682535,1.1692832348856714,33.80963183122464,2.495091606923371,1.7262251560931516,4.166336413777255,4.781420486093533,1.6997249979011029,0.5157708189292904,0.3776472159442181,0.4662430485160943,2.4607963267948967,0.00020024255472356694,4.083005567383085,-0.42732902702801506,0.22539019584655762,2.5,4.166666666666667
8.950000000000001,-0.5348022136367294,1.1908506186971692,34.01794865191351,2.495102481634693,1.733203108724776,4.166337879418407,4.807209027039998,1.6962157347836784,0.5161525609024474,0.37531128983465756,0.4681254487022102,2.4657963267948966,0.000199298842102596,4.10725002179971,-0.4296388697560887,0.2045729160308838,2.5,4.166666666666667
9.0,-0.6863564821893381,1.1805974626773936,34.22626554588443,2.4951135136863027,1.74017421004933,4.166339336729748,4.83301665508512,1.6926761116201985,0.5165331654773335,0.37296598096239864,0.46999614577649,2.4707963267948965,0.00019834944433174878,4.131519411633144,-0.4319415159722035,0.20361757278442383,2.5,4.166666666666667
9.05,-0.8326275973851256,1.13889308427257,34.434582512720915,2.4951246776104288,1.7471384213721701,4.166340789625135,4.858843313358987,1.6891049809885752,0.516912369163314,0.3706113479600409,0.47185509297160444,2.475796326794897,0.00019739566742454082,4.15581364235247,-0.4342369670877366,0.19879651069641113,2.5,4.166666666666667
9.1,-0.9671546094852783,1.067493976672798,34.642899552202174,2.4951359229791867,1.7540957048781116,4.166342222909283,4.884688931817153,1.6855045063938274,0.5172900340077595,0.36824744969328693,0.47370224381397025,2.4807963267948967,0.00019643687827066434,4.18013261851658,-0.4365252193049596,0.19878172874450684,2.5,4.166666666666667
9.15,-1.0839777836749773,0.9694698290749952,34.851216663347635,2.495147244831038,1.761046031989684,4.166343658974309,4.910553433517541,1.681876439207496,0.5176658641819554,0.36587434525947005,0.4755375521249127,2.4857963267948966,0.00019547311725350637,4.204476238068748,-0.4388062648556637,0.20873308181762695,2.5,4.166666666666667
9.200000000000001,-1.1779024837712655,0.8490714986785206,35.059533846296354,2.495158673717965,1.7679893728373177,4.16634508733923,4.9364367267266385,1.6782172972262557,0.5180396709355681,0.36349209398607757,0.47736097202181965,2.490796326794897,0.0001945063008404625,4.228844372206746,-0.44108010918267876,0.22144675254821777,2.5,4.166666666666667
9.25,-1.2447299783277446,0.7115466134939005,35.267851100663314,2.4951701629588054,1.7749257036531356,4.166346519314885,4.962338710273417,1.6745308996404882,0.5184111724993444,0.3611007554292675,0.47917245791928853,2.495796326794897,0.00019353419909829843,4.253236894710947,-0.4433467470977932,0.21047019958496094,2.5,4.166666666666667
9.3,-1.2814449170171653,0.5629108110570273,35.47616842662906,2.495181745308199,1.7818550002199984,4.166347936331901,4.988259268898384,1.6708162246390417,0.5187801436757965,0.35870038937237886,0.4809719645302663,2.5007963267948967,0.00019255790880815947,4.277653661989578,-0.4456061786537434,0.2198960781097412,2.5,4.166666666666667
9.35,-1.2863511272759003,0.40968458268630165,35.684485823445655,2.495193427644017,1.7887772420198613,4.166349325238064,5.0141982760821735,1.6670717697367732,0.5191464900435655,0.3562910558244383,0.4827594468671814,2.5057963267948966,0.00019157783626150862,4.302094514320732,-0.44785841087377465,0.2089071273803711,2.5,4.166666666666667
9.4,-1.2591496146494685,0.2586072403475205,35.89280328970756,2.4952051808657982,1.7956924207122544,4.166350735569393,5.0401556005843515,1.663300311946291,0.5195098772444527,0.3538728150186589,0.4845348602430686,2.5107963267948965,0.00019059378498254313,4.326559288740926,-0.45010344358693133,0.20471835136413574,2.5,4.166666666666667
9.450000000000001,-1.200955199390776,0.11634055259611378,36.101120826486024,2.495217031635373,1.8026005236971812,4.166352161568178,5.0661310944465745,1.6595011109472226,0.5198699447517575,0.3514457274109348,0.4862981602726859,2.515796326794897,0.0001896057401565813,4.351047802766331,-0.4523412811278183,0.2048642635345459,2.5,4.166666666666667
9.5,-1.1142509135118317,-0.010824924313752676,36.309438434564434,2.4952289855739513,1.8095015328474455,4.166353538228227,5.092124591684162,1.6556722538197295,0.5202267766598387,0.3490098536783301,0.48804930287362425,2.5207963267948967,0.0001886141087191398,4.375559859994452,-0.4545719364210023,0.2061786651611328,2.5,4.166666666666667
9.55,-1.0027820164322987,-0.11724787157343267,36.51775611147585,2.495241001943815,1.8163954541181166,4.166354947155531,5.1181359305171545,1.6518156931025052,0.5205798538847947,0.3465652547175609,0.4897882442674101,2.5257963267948966,0.00018761944630523692,4.400095252860783,-0.45679541804770096,0.21694374084472656,2.5,4.166666666666667
9.600000000000001,-0.8713941565387779,-0.19818630824851857,36.72607385883362,2.495253077308055,1.82328227648564,4.166356325088814,5.144164923211394,1.6479337977728994,0.520929199249577,0.3441119916434739,0.491514940980599,2.530796326794897,0.00018662072955230737,4.424653776619835,-0.4590117288435421,0.20569634437561035,2.5,4.166666666666667
9.65,-0.7258226753137098,-0.25000869050603897,36.934391675088065,2.4952652522725605,1.830162008697812,4.166357724920831,5.170211383173873,1.6440238124435738,0.5212743620176307,0.34165012578751847,0.4932293498458631,2.535796326794897,0.0001856189843852258,4.449235196198179,-0.461220883186979,0.20554208755493164,2.5,4.166666666666667
9.700000000000001,-0.5724422135822537,-0.2703566167454484,37.14270956133411,2.49527750177151,1.8370346472394596,4.166359094333885,5.196275101274755,1.640087005701435,0.521615358589662,0.3391797186962125,0.4949314280030701,2.5407963267948968,0.0001846145767337012,4.473839274683665,-0.4634228935577136,0.2321155071258545,2.5,4.166666666666667
9.75,-0.4179875600929529,-0.258251854025212,37.351027516050806,2.495289820983689,1.8439002075255462,4.166360489939971,5.222355869204238,1.6361248224835823,0.5219517833798063,0.33670083212960483,0.4966211329003546,2.5457963267948966,0.00018360655344394289,4.498465764057967,-0.46561776987260256,0.19913840293884277,2.5,4.166666666666667
9.8,-0.26925796022495985,-0.21414284940993422,37.5593455405478,2.495302228872078,1.8507586952145834,4.166361877613906,5.248453458373228,1.6321357493294149,0.5222834197826453,0.3342135280597303,0.4982984222951823,2.5507963267948965,0.0001825968135976769,4.523114396652415,-0.4678055296673678,0.20517516136169434,2.5,4.166666666666667
9.850000000000001,-0.13281786878547827,-0.13988853067154855,37.767663634428494,2.495314703730557,1.8576101191879495,4.16636322607209,5.27456762936236,1.6281206665099157,0.5226102504273853,0.3317178686690612,0.49996325425540566,2.555796326794897,0.00018158458476522202,4.547784900542302,-0.4699861900067051,0.20903420448303223,2.5,4.166666666666667
9.9,-0.014707316969677836,-0.038679960808737104,37.975981795732096,2.495327234546025,1.8644545043752003,4.166364593561233,5.300698141883729,1.6240822491493951,0.5229319410830751,0.32921391634895253,0.5016155871603123,2.5607963267948968,0.00018056920918110218,4.572476999673713,-0.4721597612564598,0.2223045825958252,2.5,4.166666666666667
9.950000000000001,0.07982533652101738,0.08509685018544048,38.18430002541016,2.4953398590727263,1.8712918700659458,4.166365976578623,5.326844738937883,1.6200174675556338,0.5232482428629947,0.3267017336980815,0.5032553797016658,2.5657963267948967,0.00017955224818743182,4.597190391065015,-0.474326266802104,0.21521615982055664,2.5,4.166666666666667
